entry,spot,vix,mid_credit,fill_credit,strikes
2007-10-05,155.85,16.91,0.029,-0.071,"(148.0, 144.0, 140.0, 136.0)"
2007-11-16,145.79,25.49,0.05,-0.05,"(135.0, 130.0, 125.0, 120.0)"
2007-12-07,150.91,20.85,0.011,-0.089,"(141.0, 136.0, 131.0, 126.0)"
2007-12-14,147.17,23.27,0.024,-0.076,"(137.0, 132.0, 127.0, 122.0)"
2008-03-07,129.71,27.49,0.027,-0.073,"(118.0, 113.0, 108.0, 103.0)"
2008-03-14,129.61,31.16,0.11,-0.14,"(117.0, 112.0, 107.0, 102.0)"
2008-04-04,136.89,22.45,0.088,-0.012,"(127.0, 123.0, 119.0, 115.0)"
2008-04-25,139.6,19.59,0.061,-0.039,"(130.0, 126.0, 122.0, 118.0)"
2008-05-02,141.51,18.18,-0.027,-0.127,"(133.0, 129.0, 125.0, 121.0)"
2008-05-16,142.66,16.47,0.005,-0.095,"(134.0, 130.0, 126.0, 122.0)"
2008-06-27,127.53,23.44,0.068,-0.032,"(118.0, 114.0, 110.0, 106.0)"
2008-07-03,126.31,24.79,0.055,-0.045,"(117.0, 113.0, 109.0, 105.0)"
2008-07-25,125.48,22.91,0.031,-0.069,"(116.0, 112.0, 108.0, 104.0)"
2008-08-15,130.17,19.58,0.046,-0.054,"(121.0, 117.0, 113.0, 109.0)"
2008-08-22,129.65,18.81,-0.027,-0.127,"(121.0, 117.0, 113.0, 109.0)"
2008-08-29,128.79,20.65,-0.014,-0.114,"(120.0, 116.0, 112.0, 108.0)"
2008-09-05,124.42,23.06,-0.033,-0.133,"(116.0, 112.0, 108.0, 104.0)"
2008-10-31,96.83,59.89,0.096,-0.154,"(84.0, 79.0, 74.0, 69.0)"
2008-11-07,93.86,56.1,0.175,-0.075,"(80.0, 75.0, 70.0, 65.0)"
2008-11-14,86.62,66.31,0.146,-0.104,"(73.0, 68.0, 63.0, 58.0)"
2008-12-19,88.19,44.93,0.121,-0.129,"(78.0, 74.0, 70.0, 66.0)"
2008-12-26,87.16,43.38,0.016,-0.234,"(78.0, 74.0, 70.0, 66.0)"
2009-01-02,92.96,39.19,-0.022,-0.272,"(84.0, 80.0, 76.0, 72.0)"
2009-01-09,89.09,42.82,0.138,-0.112,"(78.0, 74.0, 70.0, 66.0)"
2009-01-16,85.06,46.11,0.084,-0.166,"(75.0, 71.0, 67.0, 63.0)"
2009-02-06,86.98,43.37,0.107,-0.143,"(76.0, 72.0, 68.0, 64.0)"
2009-02-27,73.93,46.35,0.186,-0.064,"(65.0, 62.0, 59.0, 56.0)"
2009-04-03,84.26,39.7,0.229,-0.021,"(74.0, 71.0, 68.0, 65.0)"
2009-04-09,85.81,36.53,-0.066,-0.316,"(77.0, 73.0, 69.0, 65.0)"
2009-04-17,87.08,33.94,0.238,-0.012,"(77.0, 74.0, 71.0, 68.0)"
2009-04-24,86.66,36.82,0.25,-0.0,"(76.0, 73.0, 70.0, 67.0)"
2009-05-01,87.89,35.3,0.194,-0.056,"(78.0, 75.0, 72.0, 69.0)"
2009-05-22,89.02,32.63,0.238,-0.012,"(79.0, 76.0, 73.0, 70.0)"
2009-06-26,91.84,25.93,0.075,-0.025,"(84.0, 81.0, 78.0, 75.0)"
2009-07-02,89.81,27.95,0.064,-0.036,"(82.0, 79.0, 76.0, 73.0)"
2009-07-17,94.13,24.34,0.1,0.0,"(86.0, 83.0, 80.0, 77.0)"
2009-07-24,98.06,23.09,0.078,-0.022,"(90.0, 87.0, 84.0, 81.0)"
2009-10-30,103.56,30.69,-0.065,-0.315,"(95.0, 91.0, 87.0, 83.0)"
2009-11-06,107.13,24.19,-0.028,-0.128,"(98.0, 94.0, 90.0, 86.0)"
2009-11-13,109.62,23.36,-0.062,-0.162,"(101.0, 97.0, 93.0, 89.0)"
2010-02-05,106.66,26.11,0.025,-0.075,"(97.0, 93.0, 89.0, 85.0)"
2010-03-05,114.25,17.42,0.039,-0.061,"(107.0, 104.0, 101.0, 98.0)"
2010-04-01,117.8,17.47,0.081,-0.019,"(110.0, 107.0, 104.0, 101.0)"
2010-05-07,111.26,40.95,0.171,-0.079,"(98.0, 93.0, 88.0, 83.0)"
2010-05-14,113.89,31.24,0.25,-0.0,"(101.0, 97.0, 93.0, 89.0)"
2010-05-28,109.37,32.07,0.11,-0.14,"(99.0, 95.0, 91.0, 87.0)"
2010-06-04,106.82,35.48,0.113,-0.137,"(96.0, 92.0, 88.0, 84.0)"
2010-06-18,111.73,23.95,-0.055,-0.155,"(103.0, 99.0, 95.0, 91.0)"
2010-07-09,107.96,24.98,-0.033,-0.133,"(99.0, 95.0, 91.0, 87.0)"
2010-07-16,106.66,26.25,-0.055,-0.155,"(98.0, 94.0, 90.0, 86.0)"
2010-08-13,108.31,26.24,0.01,-0.09,"(99.0, 95.0, 91.0, 87.0)"
2010-11-12,120.2,20.61,-0.019,-0.119,"(111.0, 107.0, 103.0, 99.0)"
2011-02-18,134.53,16.43,-0.065,-0.165,"(126.0, 122.0, 118.0, 114.0)"
2011-03-11,130.84,20.08,0.08,-0.02,"(121.0, 117.0, 113.0, 109.0)"
2011-05-06,134.2,18.4,0.096,-0.004,"(124.0, 120.0, 116.0, 112.0)"
2011-05-13,134.04,17.07,-0.006,-0.106,"(125.0, 121.0, 117.0, 113.0)"
2011-06-17,127.05,21.85,0.063,-0.037,"(117.0, 113.0, 109.0, 105.0)"
2011-07-08,134.4,15.95,-0.002,-0.102,"(125.0, 121.0, 117.0, 113.0)"
2011-07-15,131.69,19.53,0.068,-0.032,"(122.0, 118.0, 114.0, 110.0)"
2011-08-05,120.08,32.0,0.206,-0.044,"(108.0, 104.0, 100.0, 96.0)"
2011-08-12,118.12,36.36,0.102,-0.148,"(105.0, 100.0, 95.0, 90.0)"
2011-08-19,112.64,43.05,0.146,-0.104,"(99.0, 94.0, 89.0, 84.0)"
2011-09-02,117.85,33.92,0.234,-0.016,"(106.0, 102.0, 98.0, 94.0)"
2011-09-09,115.92,38.52,0.13,-0.12,"(103.0, 98.0, 93.0, 88.0)"
2011-09-23,113.54,41.25,0.052,-0.198,"(101.0, 96.0, 91.0, 86.0)"
2011-09-30,113.15,42.96,0.028,-0.222,"(101.0, 96.0, 91.0, 86.0)"
2011-10-07,115.71,36.2,0.105,-0.145,"(103.0, 98.0, 93.0, 88.0)"
2011-11-04,125.48,30.16,0.221,-0.029,"(113.0, 109.0, 105.0, 101.0)"
2011-12-16,121.59,24.29,0.085,-0.015,"(111.0, 107.0, 103.0, 99.0)"
2012-01-13,128.84,20.91,0.097,-0.003,"(118.0, 114.0, 110.0, 106.0)"
2012-01-20,131.95,18.28,-0.02,-0.12,"(123.0, 119.0, 115.0, 111.0)"
2012-02-17,136.41,17.78,0.01,-0.09,"(127.0, 123.0, 119.0, 115.0)"
2012-03-09,137.57,17.11,0.036,-0.064,"(128.0, 124.0, 120.0, 116.0)"
2012-04-05,139.79,16.7,0.096,-0.004,"(129.0, 125.0, 121.0, 117.0)"
2012-05-04,137.0,19.16,-0.025,-0.125,"(128.0, 124.0, 120.0, 116.0)"
2012-05-25,132.1,21.76,0.07,-0.03,"(122.0, 118.0, 114.0, 110.0)"
2012-08-10,140.84,14.74,-0.033,-0.133,"(132.0, 128.0, 124.0, 120.0)"
2012-09-07,144.33,14.38,0.022,-0.078,"(135.0, 131.0, 127.0, 123.0)"
2012-09-14,147.24,14.51,0.016,-0.084,"(138.0, 134.0, 130.0, 126.0)"
2012-10-12,142.89,16.14,0.052,-0.048,"(133.0, 129.0, 125.0, 121.0)"
2012-10-19,143.39,17.06,0.045,-0.055,"(134.0, 130.0, 126.0, 122.0)"
2012-10-26,141.35,17.81,0.014,-0.086,"(132.0, 128.0, 124.0, 120.0)"
2012-12-07,142.41,15.9,0.031,-0.069,"(133.0, 129.0, 125.0, 121.0)"
2012-12-21,142.79,17.84,0.034,-0.066,"(133.0, 129.0, 125.0, 121.0)"
2013-01-04,146.37,13.83,0.018,-0.082,"(137.0, 133.0, 129.0, 125.0)"
2013-01-11,147.07,13.36,-0.03,-0.13,"(138.0, 134.0, 130.0, 126.0)"
2013-03-08,155.44,12.59,0.04,-0.06,"(146.0, 142.0, 138.0, 134.0)"
2013-03-22,155.6,13.57,0.015,-0.085,"(146.0, 142.0, 138.0, 134.0)"
2013-04-19,155.48,14.97,0.081,-0.019,"(145.0, 141.0, 137.0, 133.0)"
2013-04-26,158.24,13.61,-0.007,-0.107,"(149.0, 145.0, 141.0, 137.0)"
2013-05-03,161.37,12.85,-0.069,-0.169,"(153.0, 149.0, 145.0, 141.0)"
2013-05-10,163.41,12.59,0.08,-0.02,"(153.0, 149.0, 145.0, 141.0)"
2013-05-17,166.94,12.45,0.056,-0.044,"(157.0, 153.0, 149.0, 145.0)"
2013-05-24,165.31,13.99,0.073,-0.027,"(155.0, 151.0, 147.0, 143.0)"
2013-07-05,163.02,14.89,0.045,-0.055,"(153.0, 149.0, 145.0, 141.0)"
2013-07-19,169.17,12.54,0.079,-0.021,"(159.0, 155.0, 151.0, 147.0)"
2013-08-23,166.62,13.98,0.086,-0.014,"(156.0, 152.0, 148.0, 144.0)"
2013-11-01,176.21,13.28,0.075,-0.025,"(166.0, 162.0, 158.0, 154.0)"
2013-12-13,178.11,15.76,0.039,-0.061,"(166.0, 161.0, 156.0, 151.0)"
2014-03-07,188.26,14.11,0.102,0.002,"(175.0, 170.0, 165.0, 160.0)"
2014-07-03,198.2,10.32,0.087,-0.013,"(188.0, 184.0, 180.0, 176.0)"
2014-08-01,192.5,17.03,0.07,-0.03,"(180.0, 175.0, 170.0, 165.0)"
2014-09-12,199.13,13.31,0.101,0.001,"(186.0, 181.0, 176.0, 171.0)"
2014-11-21,206.68,12.9,0.083,-0.017,"(194.0, 189.0, 184.0, 179.0)"
2014-11-28,207.2,13.33,0.053,-0.047,"(195.0, 190.0, 185.0, 180.0)"
2015-02-27,210.66,13.34,0.016,-0.084,"(199.0, 194.0, 189.0, 184.0)"
2015-04-02,206.44,14.67,0.071,-0.029,"(194.0, 189.0, 184.0, 179.0)"
2015-05-22,212.99,12.13,0.091,-0.009,"(200.0, 195.0, 190.0, 185.0)"
2015-07-17,212.47,11.95,0.07,-0.03,"(200.0, 195.0, 190.0, 185.0)"
2015-07-24,207.94,13.74,0.089,-0.011,"(195.0, 190.0, 185.0, 180.0)"
2015-10-30,207.93,15.07,0.1,-0.0,"(195.0, 190.0, 185.0, 180.0)"
2015-12-04,209.62,14.81,0.095,-0.005,"(197.0, 192.0, 187.0, 182.0)"
2016-01-22,190.52,22.34,0.048,-0.052,"(176.0, 170.0, 164.0, 158.0)"
2016-04-22,208.97,13.22,0.055,-0.045,"(197.0, 192.0, 187.0, 182.0)"
2016-05-27,210.24,13.12,0.063,-0.037,"(198.0, 193.0, 188.0, 183.0)"
2016-06-10,210.07,17.03,0.092,-0.008,"(195.0, 189.0, 183.0, 177.0)"
2016-07-01,209.92,14.77,0.099,-0.001,"(197.0, 192.0, 187.0, 182.0)"
2016-07-29,217.12,11.87,0.043,-0.057,"(205.0, 200.0, 195.0, 190.0)"
2016-08-19,218.54,11.34,0.078,-0.022,"(206.0, 201.0, 196.0, 191.0)"
2016-09-02,218.37,11.98,-0.007,-0.107,"(207.0, 202.0, 197.0, 192.0)"
2016-09-23,215.99,12.29,0.055,-0.045,"(204.0, 199.0, 194.0, 189.0)"
2016-09-30,216.3,13.29,0.061,-0.039,"(204.0, 199.0, 194.0, 189.0)"
2016-12-23,225.71,11.44,0.083,-0.017,"(213.0, 208.0, 203.0, 198.0)"
2017-04-21,234.59,14.63,0.094,-0.006,"(220.0, 214.0, 208.0, 202.0)"
2017-05-05,239.7,10.57,0.05,-0.05,"(228.0, 223.0, 218.0, 213.0)"
2017-05-26,241.71,9.81,0.071,-0.029,"(230.0, 225.0, 220.0, 215.0)"
2017-06-23,243.13,10.02,0.098,-0.002,"(231.0, 226.0, 221.0, 216.0)"
2017-09-01,247.84,10.13,0.074,-0.026,"(236.0, 231.0, 226.0, 221.0)"
2017-09-08,246.58,12.12,0.083,-0.017,"(232.0, 226.0, 220.0, 214.0)"
