mode,signal,entry,expiration,entry_price,short,long,width,otm_pct,credit,breached_short,min_close_vs_short,taken,exit,exit_reason,exit_price,pnl,days,poc,lower
signal,2016-07-21,2016-07-22,2016-09-16,1.4985920824256727,1.5,1.0,0.5,-0.0009394935358582046,0.08,True,-0.020466148512737203,False,,model credit 0.08 < 0.50,,,,1.6886505369771498,1.5143498611304906
signal,2016-07-27,2016-07-28,2016-09-16,1.4693007772308941,1.0,0.5,0.5,0.31940415774866604,0.0,False,0.5128422520981379,False,,model credit 0.00 < 0.50,,,,1.693973941240592,1.487852681578131
signal,2019-03-01,2019-03-04,2019-04-19,22.57426649016231,22.0,21.0,1.0,0.025438987814402236,0.38,True,-0.02039687497014553,False,,model credit 0.38 < 0.50,,,,24.082708772017615,22.852948236554433
signal,2020-02-07,2020-02-10,2020-04-17,33.119694735059944,32.5,30.0,2.5,0.018710762282598714,1.01,False,0.002319399900347907,True,2020-02-24,take_profit,0.51,50.5,14,34.509898338130824,33.15694552346888
signal,2021-11-12,2021-11-15,2022-01-21,152.79093594162856,130.0,125.0,5.0,0.14916418831504175,0.78,False,0.1985170101297007,True,2021-11-24,take_profit,0.39,39.0,9,131.85114044558333,153.48201360721242
signal,2022-05-27,2022-05-30,2022-07-15,162.51596042148807,160.0,155.0,5.0,0.015481312819755622,2.14,True,-0.01937099631703898,True,2022-06-07,backup_stop,2.7,-55.92,8,182.60895599156606,164.565615820202
signal,2023-08-16,2023-08-17,2023-10-20,384.4515800735414,380.0,370.0,10.0,0.011579039609330932,4.52,True,-0.029585162247299568,True,2023-08-22,backup_stop,5.74,-122.22,5,388.81892994347703,399.59552418404667
signal,2023-09-01,2023-09-04,2023-10-20,328.93092062995134,330.0,320.0,10.0,-0.0032501637973141317,4.66,False,0.01717484386303103,True,2023-09-20,take_profit,2.33,233.0,16,386.94786245807086,331.52980131843594
signal,2026-05-07,2026-05-08,2026-07-17,1954.1137516708516,1980.0,1960.0,20.0,-0.013247052945108528,10.82,True,-0.014244667895080387,True,2026-05-08,backup_stop,10.96,-13.96,0,2159.970810144624,1989.4242806319755
signal,2026-08-28,2026-08-31,2026-10-16,1527.5905303453455,1540.0,1520.0,20.0,-0.008123557594880593,10.21,True,-0.0073011723808994455,True,2026-08-31,backup_stop,10.17,3.94,0,1930.3074283761975,1548.910039837183
baseline,2016-07-21,2016-07-22,2016-09-16,1.4985920824256727,1.0,0.5,0.5,0.3327070043094278,0.0,False,0.46930077723089414,False,,model credit 0.00 < 0.50,,,,,
baseline,2016-07-22,2016-07-25,2016-09-16,1.533958351504916,1.5,1.0,0.5,0.02213772718900786,0.06,True,-0.020466148512737203,False,,model credit 0.06 < 0.50,,,,,
baseline,2016-07-25,2016-07-26,2016-09-16,1.5844788737396136,1.5,1.0,0.5,0.053316503703347284,0.05,True,-0.020466148512737203,False,,model credit 0.05 < 0.50,,,,,
baseline,2016-07-26,2016-07-27,2016-09-16,1.5196554739990835,1.0,0.5,0.5,0.3419561097171403,0.0,False,0.46930077723089414,False,,model credit 0.00 < 0.50,,,,,
baseline,2016-07-27,2016-07-28,2016-09-16,1.4693007772308941,1.0,0.5,0.5,0.31940415774866604,0.0,False,0.5128422520981379,False,,model credit 0.00 < 0.50,,,,,
baseline,2016-07-28,2016-07-29,2016-09-16,1.512842252098138,1.0,0.5,0.5,0.3389925495449937,0.0,False,0.5678791647182375,False,,model credit 0.00 < 0.50,,,,,
baseline,2016-07-29,2016-08-01,2016-09-16,1.5678791647182375,1.5,1.0,0.5,0.04329361997130443,0.06,False,0.052174644343879084,False,,model credit 0.06 < 0.50,,,,,
baseline,2016-08-01,2016-08-02,2016-09-16,1.6417831195463186,1.5,1.0,0.5,0.08635922605020951,0.05,False,0.052174644343879084,False,,model credit 0.05 < 0.50,,,,,
baseline,2016-10-20,2016-10-21,2016-12-16,2.637446801214473,2.5,2.0,0.5,0.05211358240521957,0.09,True,-0.042481625478756,False,,model credit 0.09 < 0.50,,,,,
baseline,2016-10-21,2016-10-24,2016-12-16,2.6279846708235866,2.5,2.0,0.5,0.048700691539223184,0.09,True,-0.042481625478756,False,,model credit 0.09 < 0.50,,,,,
baseline,2016-10-24,2016-10-25,2016-12-16,2.741321819387822,2.5,2.0,0.5,0.08803118907130458,0.06,True,-0.042481625478756,False,,model credit 0.06 < 0.50,,,,,
baseline,2016-10-25,2016-10-26,2016-12-16,2.6940322501271172,2.5,2.0,0.5,0.07202298714796818,0.07,True,-0.042481625478756,False,,model credit 0.07 < 0.50,,,,,
baseline,2016-10-26,2016-10-27,2016-12-16,2.672132690940437,2.5,2.0,0.5,0.06441771829820919,0.08,True,-0.042481625478756,False,,model credit 0.08 < 0.50,,,,,
baseline,2016-10-27,2016-10-28,2016-12-16,2.7747962155874806,2.5,2.0,0.5,0.09903293584004713,0.04,True,-0.042481625478756,False,,model credit 0.04 < 0.50,,,,,
baseline,2016-10-28,2016-10-31,2016-12-16,2.7684012582406123,2.5,2.0,0.5,0.09695171805086811,0.04,True,-0.042481625478756,False,,model credit 0.04 < 0.50,,,,,
baseline,2016-10-31,2016-11-01,2016-12-16,2.785685007585186,2.5,2.0,0.5,0.10255467032607402,0.02,True,-0.042481625478756,False,,model credit 0.02 < 0.50,,,,,
baseline,2016-11-01,2016-11-02,2017-01-20,2.9372153416132125,2.5,2.0,0.5,0.14885368989427916,0.03,True,-0.042481625478756,False,,model credit 0.03 < 0.50,,,,,
baseline,2016-11-02,2016-11-03,2017-01-20,2.9555037579035353,2.5,2.0,0.5,0.1541205138668622,0.03,True,-0.042481625478756,False,,model credit 0.03 < 0.50,,,,,
baseline,2016-11-03,2016-11-04,2017-01-20,2.8890733957529724,2.5,2.0,0.5,0.13467065126310818,0.04,True,-0.042481625478756,False,,model credit 0.04 < 0.50,,,,,
baseline,2016-11-04,2016-11-07,2017-01-20,2.8863406620321985,2.5,2.0,0.5,0.13385137351049403,0.04,True,-0.042481625478756,False,,model credit 0.04 < 0.50,,,,,
baseline,2016-11-07,2016-11-08,2017-01-20,2.8177215222047765,2.5,2.0,0.5,0.11275831188462149,0.05,True,-0.042481625478756,False,,model credit 0.05 < 0.50,,,,,
baseline,2016-11-08,2016-11-09,2017-01-20,2.713494169604384,2.5,2.0,0.5,0.07867869111195136,0.08,True,-0.042481625478756,False,,model credit 0.08 < 0.50,,,,,
baseline,2016-11-09,2016-11-10,2017-01-20,2.7611558512133847,2.5,2.0,0.5,0.09458207550965303,0.07,True,-0.042481625478756,False,,model credit 0.07 < 0.50,,,,,
baseline,2016-11-10,2016-11-11,2017-01-20,2.6893072462871097,2.5,2.0,0.5,0.07039256914525838,0.09,True,-0.042481625478756,False,,model credit 0.09 < 0.50,,,,,
baseline,2016-11-11,2016-11-14,2017-01-20,2.6007314429886774,2.5,2.0,0.5,0.03873196644745447,0.11,True,-0.042481625478756,False,,model credit 0.11 < 0.50,,,,,
baseline,2016-11-14,2016-11-15,2017-01-20,2.39379593630311,2.0,1.5,0.5,0.16450689481546787,0.05,False,0.17743400341644433,False,,model credit 0.05 < 0.50,,,,,
baseline,2016-11-15,2016-11-16,2017-01-20,2.456788751581986,2.0,1.5,0.5,0.18592919366300764,0.05,False,0.17743400341644433,False,,model credit 0.05 < 0.50,,,,,
baseline,2016-11-16,2016-11-17,2017-01-20,2.3548680068328887,2.0,1.5,0.5,0.1506954979231121,0.06,False,0.2842310164244264,False,,model credit 0.06 < 0.50,,,,,
baseline,2016-11-17,2016-11-18,2017-01-20,2.5808465569899552,2.5,2.0,0.5,0.03132559615797026,0.15,False,0.02738481313954111,False,,model credit 0.15 < 0.50,,,,,
baseline,2016-11-18,2016-11-21,2017-01-20,2.5684620328488528,2.5,2.0,0.5,0.026654874385243277,0.15,False,0.07863916434102913,False,,model credit 0.15 < 0.50,,,,,
baseline,2016-11-21,2016-11-22,2017-01-20,2.6965979108525726,2.5,2.0,0.5,0.07290590490386273,0.12,False,0.09137944792697072,False,,model credit 0.12 < 0.50,,,,,
baseline,2016-11-22,2016-11-23,2017-01-20,2.7615690840830522,2.5,2.0,0.5,0.09471755951740146,0.11,False,0.09137944792697072,False,,model credit 0.11 < 0.50,,,,,
baseline,2016-11-23,2016-11-24,2017-01-20,2.7842270119754833,2.5,2.0,0.5,0.10208471175409528,0.11,False,0.09137944792697072,False,,model credit 0.11 < 0.50,,,,,
baseline,2016-11-24,2016-11-25,2017-01-20,2.8198030211812215,2.5,2.0,0.5,0.11341324864857238,0.1,False,0.09137944792697072,False,,model credit 0.10 < 0.50,,,,,
baseline,2016-11-25,2016-11-28,2017-01-20,2.7882057407930816,2.5,2.0,0.5,0.10336602373937576,0.1,False,0.09137944792697072,False,,model credit 0.10 < 0.50,,,,,
baseline,2016-11-28,2016-11-29,2017-01-20,2.728448619817427,2.5,2.0,0.5,0.08372839354868022,0.11,False,0.1143934537348259,False,,model credit 0.11 < 0.50,,,,,
baseline,2016-11-29,2016-11-30,2017-01-20,2.7859836343370645,2.5,2.0,0.5,0.10265086657808575,0.09,False,0.1221608310184914,False,,model credit 0.09 < 0.50,,,,,
baseline,2016-11-30,2016-12-01,2017-01-20,2.8054020775462285,2.5,2.0,0.5,0.10886214136312011,0.09,False,0.1291821919884304,False,,model credit 0.09 < 0.50,,,,,
baseline,2016-12-01,2016-12-02,2017-01-20,2.8955944966221274,2.5,2.0,0.5,0.13661943931845788,0.07,False,0.1291821919884304,False,,model credit 0.07 < 0.50,,,,,
baseline,2016-12-02,2016-12-05,2017-01-20,2.9010812850958363,2.5,2.0,0.5,0.1382523430682111,0.07,False,0.1291821919884304,False,,model credit 0.07 < 0.50,,,,,
baseline,2016-12-05,2016-12-06,2017-01-20,2.893615041120672,2.5,2.0,0.5,0.13602882053316534,0.07,False,0.1291821919884304,False,,model credit 0.07 < 0.50,,,,,
baseline,2017-01-31,2017-02-01,2017-04-21,3.2045157220051492,3.0,2.5,0.5,0.06382110114197803,0.13,False,0.003504772771278475,False,,model credit 0.13 < 0.50,,,,,
baseline,2017-02-01,2017-02-02,2017-04-21,3.100921779110134,3.0,2.5,0.5,0.0325457352036449,0.15,False,0.003504772771278475,False,,model credit 0.15 < 0.50,,,,,
baseline,2017-02-02,2017-02-03,2017-04-21,3.0105143183138354,2.5,2.0,0.5,0.16957711019948585,0.07,False,0.22352516765473807,False,,model credit 0.07 < 0.50,,,,,
baseline,2017-02-03,2017-02-06,2017-04-21,3.0588129191368454,3.0,2.5,0.5,0.019227367181854804,0.16,False,0.03196221020882284,False,,model credit 0.16 < 0.50,,,,,
baseline,2017-02-06,2017-02-07,2017-04-21,3.1230420238285665,3.0,2.5,0.5,0.03939813261869851,0.14,False,0.03196221020882284,False,,model credit 0.14 < 0.50,,,,,
baseline,2017-02-07,2017-02-08,2017-04-21,3.112389694320233,3.0,2.5,0.5,0.036110418475338024,0.14,False,0.03196221020882284,False,,model credit 0.14 < 0.50,,,,,
baseline,2017-02-08,2017-02-09,2017-04-21,3.109609483027674,3.0,2.5,0.5,0.03524863286722191,0.14,False,0.03196221020882284,False,,model credit 0.14 < 0.50,,,,,
baseline,2017-02-09,2017-02-10,2017-04-21,3.0958866306264685,3.0,2.5,0.5,0.030972268066245534,0.14,False,0.07413460511612957,False,,model credit 0.14 < 0.50,,,,,
baseline,2017-02-10,2017-02-13,2017-04-21,3.2502213329508853,3.0,2.5,0.5,0.07698593643889129,0.11,False,0.07413460511612957,False,,model credit 0.11 < 0.50,,,,,
baseline,2017-02-13,2017-02-14,2017-04-21,3.2224038153483887,3.0,2.5,0.5,0.0690179841176558,0.11,False,0.09585562806395909,False,,model credit 0.11 < 0.50,,,,,
baseline,2017-02-14,2017-02-15,2017-04-21,3.3489393396317313,3.0,2.5,0.5,0.10419398628764132,0.09,False,0.09585562806395909,False,,model credit 0.09 < 0.50,,,,,
baseline,2017-02-15,2017-02-16,2017-04-21,3.300683039388475,3.0,2.5,0.5,0.09109721709121854,0.08,False,0.09585562806395909,False,,model credit 0.08 < 0.50,,,,,
baseline,2017-02-16,2017-02-17,2017-04-21,3.3158148786543973,3.0,2.5,0.5,0.09524502730458806,0.08,False,0.09585562806395909,False,,model credit 0.08 < 0.50,,,,,
baseline,2017-02-17,2017-02-20,2017-04-21,3.3028301945309404,3.0,2.5,0.5,0.09168809072667072,0.08,False,0.09585562806395909,False,,model credit 0.08 < 0.50,,,,,
baseline,2017-02-20,2017-02-21,2017-04-21,3.348569070139408,3.0,2.5,0.5,0.10409493214511967,0.07,False,0.09585562806395909,False,,model credit 0.07 < 0.50,,,,,
baseline,2017-02-21,2017-02-22,2017-04-21,3.3420716722184984,3.0,2.5,0.5,0.10235318262681903,0.07,False,0.09585562806395909,False,,model credit 0.07 < 0.50,,,,,
baseline,2017-02-22,2017-02-23,2017-04-21,3.3877353194138884,3.0,2.5,0.5,0.11445266021578404,0.04,False,0.09585562806395909,False,,model credit 0.04 < 0.50,,,,,
baseline,2017-02-23,2017-02-24,2017-04-21,3.500793238404717,3.0,2.5,0.5,0.14305136130602347,0.03,False,0.09585562806395909,False,,model credit 0.03 < 0.50,,,,,
baseline,2017-02-24,2017-02-27,2017-04-21,3.500795041069308,3.0,2.5,0.5,0.143051802574635,0.02,False,0.09585562806395909,False,,model credit 0.02 < 0.50,,,,,
baseline,2017-02-27,2017-02-28,2017-04-21,3.4513494683661796,3.0,2.5,0.5,0.1307747802716258,0.03,False,0.09585562806395909,False,,model credit 0.03 < 0.50,,,,,
baseline,2017-02-28,2017-03-01,2017-04-21,3.4256754827557505,3.0,2.5,0.5,0.12426030571153812,0.03,False,0.09585562806395909,False,,model credit 0.03 < 0.50,,,,,
baseline,2017-03-01,2017-03-02,2017-04-21,3.486229056326526,3.0,2.5,0.5,0.13947134524742621,0.02,False,0.09585562806395909,False,,model credit 0.02 < 0.50,,,,,
baseline,2017-03-02,2017-03-03,2017-04-21,3.4730262212081078,3.0,2.5,0.5,0.1362000143619887,0.01,False,0.09585562806395909,False,,model credit 0.01 < 0.50,,,,,
baseline,2017-03-03,2017-03-06,2017-04-21,3.611163541624721,3.5,3.0,0.5,0.03078330303886123,0.09,True,-8.327205166680507e-05,False,,model credit 0.09 < 0.50,,,,,
baseline,2017-03-06,2017-03-07,2017-04-21,3.499708547819166,3.0,2.5,0.5,0.1427857608687324,0.02,False,0.09585562806395909,False,,model credit 0.02 < 0.50,,,,,
baseline,2017-05-01,2017-05-02,2017-06-16,3.4346094853170706,3.0,2.5,0.5,0.12653825338077673,0.07,False,0.11510436967144089,False,,model credit 0.07 < 0.50,,,,,
baseline,2017-05-02,2017-05-03,2017-07-21,3.3453131090143224,3.0,2.5,0.5,0.10322295634565193,0.12,False,0.12520108489623993,False,,model credit 0.12 < 0.50,,,,,
baseline,2017-05-03,2017-05-04,2017-07-21,3.377519668796137,3.0,2.5,0.5,0.11177423251859198,0.11,False,0.12520108489623993,False,,model credit 0.11 < 0.50,,,,,
baseline,2017-05-04,2017-05-05,2017-07-21,3.427110459471392,3.0,2.5,0.5,0.12462698956521834,0.1,False,0.12520108489623993,False,,model credit 0.10 < 0.50,,,,,
baseline,2017-05-05,2017-05-08,2017-07-21,3.4868641754078005,3.0,2.5,0.5,0.1396280872772625,0.09,False,0.12520108489623993,False,,model credit 0.09 < 0.50,,,,,
baseline,2017-05-08,2017-05-09,2017-07-21,3.4644855548034053,3.0,2.5,0.5,0.13407057049477666,0.09,False,0.12520108489623993,False,,model credit 0.09 < 0.50,,,,,
baseline,2017-05-09,2017-05-10,2017-07-21,3.509522896174712,3.0,2.5,0.5,0.14518295256887437,0.09,False,0.12520108489623993,False,,model credit 0.09 < 0.50,,,,,
baseline,2017-05-10,2017-05-11,2017-07-21,3.5060816672043593,3.0,2.5,0.5,0.1443439472440735,0.08,False,0.12520108489623993,False,,model credit 0.08 < 0.50,,,,,
baseline,2017-05-11,2017-05-12,2017-07-21,3.659017065317837,3.5,3.0,0.5,0.04345895700380509,0.15,True,-0.033625441723850735,False,,model credit 0.15 < 0.50,,,,,
baseline,2017-05-12,2017-05-15,2017-07-21,3.5224053070051906,3.0,2.5,0.5,0.1483092550327062,0.07,False,0.12520108489623993,False,,model credit 0.07 < 0.50,,,,,
baseline,2017-05-15,2017-05-16,2017-07-21,3.6543097827114703,3.5,3.0,0.5,0.04222679298879084,0.15,True,-0.033625441723850735,False,,model credit 0.15 < 0.50,,,,,
baseline,2017-05-16,2017-05-17,2017-07-21,3.6339810154105265,3.5,3.0,0.5,0.03686893653058643,0.15,True,-0.033625441723850735,False,,model credit 0.15 < 0.50,,,,,
baseline,2017-05-17,2017-05-18,2017-07-21,3.836434285807467,3.5,3.0,0.5,0.08769452589141813,0.12,True,-0.033625441723850735,False,,model credit 0.12 < 0.50,,,,,
baseline,2017-05-18,2017-05-19,2017-07-21,3.738698342134637,3.5,3.0,0.5,0.06384530665246191,0.14,True,-0.033625441723850735,False,,model credit 0.14 < 0.50,,,,,
baseline,2017-05-19,2017-05-22,2017-07-21,3.6925996388727365,3.5,3.0,0.5,0.05215827809903939,0.12,True,-0.033625441723850735,False,,model credit 0.12 < 0.50,,,,,
baseline,2017-05-22,2017-05-23,2017-07-21,3.538688025314454,3.0,2.5,0.5,0.15222817650521347,0.06,False,0.12520108489623993,False,,model credit 0.06 < 0.50,,,,,
baseline,2017-05-23,2017-05-24,2017-07-21,3.3823109539665226,3.0,2.5,0.5,0.11303246779193288,0.08,False,0.12520108489623993,False,,model credit 0.08 < 0.50,,,,,
baseline,2017-05-24,2017-05-25,2017-07-21,3.37560325468872,3.0,2.5,0.5,0.11126996461062366,0.08,False,0.1265514246065933,False,,model credit 0.08 < 0.50,,,,,
baseline,2017-05-25,2017-05-26,2017-07-21,3.461663440250925,3.0,2.5,0.5,0.13336462317014297,0.07,False,0.1265514246065933,False,,model credit 0.07 < 0.50,,,,,
baseline,2017-05-26,2017-05-29,2017-07-21,3.3796542738197797,3.0,2.5,0.5,0.11233523995656625,0.07,False,0.1409428741935861,False,,model credit 0.07 < 0.50,,,,,
baseline,2017-05-29,2017-05-30,2017-07-21,3.4228286225807585,3.0,2.5,0.5,0.12353192905753851,0.06,False,0.20002473865782155,False,,model credit 0.06 < 0.50,,,,,
baseline,2017-05-30,2017-05-31,2017-07-21,3.6000742159734647,3.5,3.0,0.5,0.0277978202586594,0.14,False,0.0286725780416619,False,,model credit 0.14 < 0.50,,,,,
baseline,2017-05-31,2017-06-01,2017-07-21,3.641073401220838,3.5,3.0,0.5,0.038745003375525666,0.13,False,0.0286725780416619,False,,model credit 0.13 < 0.50,,,,,
baseline,2017-06-01,2017-06-02,2017-07-21,3.6003540231458167,3.5,3.0,0.5,0.027873376479275236,0.14,False,0.03072873361878914,False,,model credit 0.14 < 0.50,,,,,
baseline,2017-06-02,2017-06-05,2017-07-21,3.6075505676657618,3.5,3.0,0.5,0.029812629275312252,0.13,False,0.053679676461552805,False,,model credit 0.13 < 0.50,,,,,
baseline,2017-06-05,2017-06-06,2017-07-21,3.6989484322613095,3.5,3.0,0.5,0.0537851326950467,0.11,False,0.053679676461552805,False,,model credit 0.11 < 0.50,,,,,
baseline,2017-07-25,2017-07-26,2017-09-15,4.528750335141142,4.0,3.5,0.5,0.11675413657455747,0.08,False,0.08578332275180256,False,,model credit 0.08 < 0.50,,,,,
baseline,2017-07-26,2017-07-27,2017-09-15,4.5366752802301376,4.0,3.5,0.5,0.11829704510015382,0.07,False,0.08578332275180256,False,,model credit 0.07 < 0.50,,,,,
baseline,2017-07-27,2017-07-28,2017-09-15,4.359418638595472,4.0,3.5,0.5,0.08244646096004915,0.1,False,0.08578332275180256,False,,model credit 0.10 < 0.50,,,,,
baseline,2017-07-28,2017-07-31,2017-09-15,4.468790319857315,4.0,3.5,0.5,0.10490318101841112,0.08,False,0.08578332275180256,False,,model credit 0.08 < 0.50,,,,,
baseline,2017-07-31,2017-08-01,2017-09-15,4.516579039971988,4.0,3.5,0.5,0.11437396210721273,0.07,False,0.08578332275180256,False,,model credit 0.07 < 0.50,,,,,
baseline,2017-08-01,2017-08-02,2017-10-20,4.4992662086134745,4.0,3.5,0.5,0.11096614102487878,0.1,False,0.08578332275180256,False,,model credit 0.10 < 0.50,,,,,
baseline,2017-08-02,2017-08-03,2017-10-20,4.534309267560533,4.0,3.5,0.5,0.11783697053553488,0.09,False,0.08578332275180256,False,,model credit 0.09 < 0.50,,,,,
baseline,2017-08-03,2017-08-04,2017-10-20,4.576787078111042,4.5,4.0,0.5,0.01677750719020421,0.17,True,-0.03485926866506439,False,,model credit 0.17 < 0.50,,,,,
baseline,2017-08-04,2017-08-07,2017-10-20,4.34313329100721,4.0,3.5,0.5,0.07900593143611179,0.12,False,0.13427292328587126,False,,model credit 0.12 < 0.50,,,,,
baseline,2017-08-07,2017-08-08,2017-10-20,4.537091693143485,4.0,3.5,0.5,0.11837796753262564,0.1,False,0.22299197149343475,False,,model credit 0.10 < 0.50,,,,,
baseline,2017-08-08,2017-08-09,2017-10-20,4.891967885973739,4.5,4.0,0.5,0.08012478722470562,0.13,False,0.08715799788375489,False,,model credit 0.13 < 0.50,,,,,
baseline,2017-08-09,2017-08-10,2017-10-20,4.892210990476897,4.5,4.0,0.5,0.08017049780566887,0.13,False,0.12112623720855353,False,,model credit 0.13 < 0.50,,,,,
baseline,2017-08-10,2017-08-11,2017-10-20,5.045068067438491,4.5,4.0,0.5,0.10803978462776931,0.11,False,0.18078533814564834,False,,model credit 0.11 < 0.50,,,,,
baseline,2017-08-11,2017-08-14,2017-10-20,5.4115944819158255,5.0,4.5,0.5,0.07605789445075195,0.14,False,0.06270680433108344,False,,model credit 0.14 < 0.50,,,,,
baseline,2017-08-14,2017-08-15,2017-10-20,5.313534021655418,5.0,4.5,0.5,0.05900668375841822,0.15,False,0.10126121247857789,False,,model credit 0.15 < 0.50,,,,,
baseline,2017-08-15,2017-08-16,2017-10-20,5.5793393752939995,5.5,5.0,0.5,0.01422020959064152,0.19,False,0.0011465567987072323,False,,model credit 0.19 < 0.50,,,,,
baseline,2017-08-16,2017-08-17,2017-10-20,5.5063060623928894,5.0,4.5,0.5,0.09195022155613031,0.13,False,0.10859689692480368,False,,model credit 0.13 < 0.50,,,,,
baseline,2017-08-17,2017-08-18,2017-10-20,5.542984484624019,5.0,4.5,0.5,0.09795886785002417,0.13,False,0.14281593046433083,False,,model credit 0.13 < 0.50,,,,,
baseline,2017-08-18,2017-08-21,2017-10-20,5.714079652321654,5.5,5.0,0.5,0.037465290186263545,0.17,False,0.05719677578576188,False,,model credit 0.17 < 0.50,,,,,
baseline,2017-08-21,2017-08-22,2017-10-20,5.81458226682169,5.5,5.0,0.5,0.05410229873549344,0.15,False,0.06299637688552218,False,,model credit 0.15 < 0.50,,,,,
baseline,2017-08-22,2017-08-23,2017-10-20,5.946719564826571,5.5,5.0,0.5,0.07512033482607972,0.13,False,0.06299637688552218,False,,model credit 0.13 < 0.50,,,,,
baseline,2017-08-23,2017-08-24,2017-10-20,5.925012381415426,5.5,5.0,0.5,0.07173189759881904,0.14,False,0.06299637688552218,False,,model credit 0.14 < 0.50,,,,,
baseline,2017-08-24,2017-08-25,2017-10-20,6.021113382117959,5.5,5.0,0.5,0.08654767798686669,0.12,False,0.06299637688552218,False,,model credit 0.12 < 0.50,,,,,
baseline,2017-08-25,2017-08-28,2017-10-20,5.8464800728703725,5.5,5.0,0.5,0.05926302126268357,0.14,False,0.07859565587621686,False,,model credit 0.14 < 0.50,,,,,
baseline,2017-08-28,2017-08-29,2017-10-20,5.9322761073191925,5.5,5.0,0.5,0.07286850771929743,0.13,False,0.08831842273233104,False,,model credit 0.13 < 0.50,,,,,
baseline,2017-08-29,2017-08-30,2017-10-20,6.167355689116766,6.0,5.5,0.5,0.027135728430920603,0.17,True,-0.002374779162029772,False,,model credit 0.17 < 0.50,,,,,
baseline,2017-08-30,2017-08-31,2017-10-20,6.03280562961034,5.5,5.0,0.5,0.08831805006201632,0.12,False,0.08831842273233104,False,,model credit 0.12 < 0.50,,,,,
baseline,2017-08-31,2017-09-01,2017-10-20,6.329890589790839,6.0,5.5,0.5,0.0521163178274997,0.15,True,-0.002374779162029772,False,,model credit 0.15 < 0.50,,,,,
baseline,2017-09-01,2017-09-04,2017-10-20,6.234687376839753,6.0,5.5,0.5,0.03764220443699484,0.16,True,-0.002374779162029772,False,,model credit 0.16 < 0.50,,,,,
baseline,2017-09-04,2017-09-05,2017-10-20,6.132141620649135,6.0,5.5,0.5,0.02154901644870144,0.17,True,-0.002374779162029772,False,,model credit 0.17 < 0.50,,,,,
baseline,2017-10-24,2017-10-25,2017-12-15,8.100548987792635,7.5,7.0,0.5,0.07413682562720758,0.15,False,0.02201770973606032,False,,model credit 0.15 < 0.50,,,,,
baseline,2017-10-25,2017-10-26,2017-12-15,8.019588593828614,7.5,7.0,0.5,0.06478993127259136,0.15,False,0.02201770973606032,False,,model credit 0.15 < 0.50,,,,,
baseline,2017-10-26,2017-10-27,2017-12-15,8.355558972100258,8.0,7.5,0.5,0.042553582984393046,0.17,True,-0.005681167953200061,False,,model credit 0.17 < 0.50,,,,,
baseline,2017-10-27,2017-10-30,2017-12-15,8.352237180691464,8.0,7.5,0.5,0.04217279431500809,0.17,True,-0.005681167953200061,False,,model credit 0.17 < 0.50,,,,,
baseline,2017-10-30,2017-10-31,2017-12-15,8.186286376101497,8.0,7.5,0.5,0.022755907568214218,0.19,True,-0.005681167953200061,False,,model credit 0.19 < 0.50,,,,,
baseline,2017-10-31,2017-11-01,2018-01-19,8.200546685141251,8.0,7.5,0.5,0.02445528241484518,0.2,True,-0.005681167953200061,False,,model credit 0.20 < 0.50,,,,,
baseline,2017-11-01,2017-11-02,2018-01-19,8.363318313100745,8.0,7.5,0.5,0.043441885086643595,0.18,True,-0.005681167953200061,False,,model credit 0.18 < 0.50,,,,,
baseline,2017-11-02,2017-11-03,2018-01-19,8.250098203086791,8.0,7.5,0.5,0.030314572860868028,0.19,True,-0.005681167953200061,False,,model credit 0.19 < 0.50,,,,,
baseline,2017-11-03,2017-11-06,2018-01-19,8.49889273358851,8.0,7.5,0.5,0.058700909545173374,0.17,True,-0.005681167953200061,False,,model credit 0.17 < 0.50,,,,,
baseline,2017-11-06,2017-11-07,2018-01-19,8.128869306822097,8.0,7.5,0.5,0.015853288072173122,0.2,True,-0.005681167953200061,False,,model credit 0.20 < 0.50,,,,,
baseline,2017-11-07,2017-11-08,2018-01-19,8.076798675159463,7.5,7.0,0.5,0.07141426923682415,0.16,True,-0.011090468649181173,False,,model credit 0.16 < 0.50,,,,,
baseline,2017-11-08,2017-11-09,2018-01-19,8.207437676969365,8.0,7.5,0.5,0.025274352987345705,0.19,True,-0.005681167953200061,False,,model credit 0.19 < 0.50,,,,,
baseline,2017-11-09,2017-11-10,2018-01-19,8.210355763677555,8.0,7.5,0.5,0.025620785472922458,0.18,True,-0.005681167953200061,False,,model credit 0.18 < 0.50,,,,,
baseline,2017-11-10,2017-11-13,2018-01-19,8.540512175090491,8.0,7.5,0.5,0.06328802816615198,0.15,True,-0.005681167953200061,False,,model credit 0.15 < 0.50,,,,,
baseline,2017-11-13,2017-11-14,2018-01-19,8.054664086746534,7.5,7.0,0.5,0.06886247281984115,0.15,True,-0.011090468649181173,False,,model credit 0.15 < 0.50,,,,,
baseline,2017-11-14,2017-11-15,2018-01-19,8.073243181626186,7.5,7.0,0.5,0.0710053157980951,0.14,True,-0.011090468649181173,False,,model credit 0.14 < 0.50,,,,,
baseline,2017-11-15,2017-11-16,2018-01-19,8.166057893283565,8.0,7.5,0.5,0.020335135441562846,0.19,True,-0.005681167953200061,False,,model credit 0.19 < 0.50,,,,,
baseline,2017-11-16,2017-11-17,2018-01-19,8.211475345813804,8.0,7.5,0.5,0.025753635845915834,0.18,True,-0.005681167953200061,False,,model credit 0.18 < 0.50,,,,,
baseline,2017-11-17,2017-11-20,2018-01-19,8.319551380449514,8.0,7.5,0.5,0.03840968891669361,0.17,True,-0.005681167953200061,False,,model credit 0.17 < 0.50,,,,,
baseline,2017-11-20,2017-11-21,2018-01-19,8.135497202396767,8.0,7.5,0.5,0.016655061027720408,0.19,True,-0.005681167953200061,False,,model credit 0.19 < 0.50,,,,,
baseline,2017-11-21,2017-11-22,2018-01-19,8.209081614253423,8.0,7.5,0.5,0.025469549954332815,0.17,True,-0.005681167953200061,False,,model credit 0.17 < 0.50,,,,,
baseline,2017-11-22,2017-11-23,2018-01-19,7.9545506563743995,7.5,7.0,0.5,0.05714347371842354,0.14,True,-0.011090468649181173,False,,model credit 0.14 < 0.50,,,,,
baseline,2017-11-23,2017-11-24,2018-01-19,7.665132823020452,7.5,7.0,0.5,0.021543373981010916,0.17,True,-0.011090468649181173,False,,model credit 0.17 < 0.50,,,,,
baseline,2017-11-24,2017-11-27,2018-01-19,7.895161618324106,7.5,7.0,0.5,0.05005111198825418,0.14,True,-0.011090468649181173,False,,model credit 0.14 < 0.50,,,,,
baseline,2017-11-27,2017-11-28,2018-01-19,7.958592515408082,7.5,7.0,0.5,0.05762231380991456,0.13,True,-0.011090468649181173,False,,model credit 0.13 < 0.50,,,,,
baseline,2017-11-28,2017-11-29,2018-01-19,8.039667217133356,7.5,7.0,0.5,0.06712556658853619,0.12,True,-0.011090468649181173,False,,model credit 0.12 < 0.50,,,,,
baseline,2017-11-29,2017-11-30,2018-01-19,8.049263558448526,7.5,7.0,0.5,0.06823774056596987,0.12,True,-0.011090468649181173,False,,model credit 0.12 < 0.50,,,,,
baseline,2017-11-30,2017-12-01,2018-01-19,8.170550452792396,8.0,7.5,0.5,0.020873802050155432,0.17,True,-0.00747462222590245,False,,model credit 0.17 < 0.50,,,,,
baseline,2017-12-01,2017-12-04,2018-01-19,7.94020302219278,7.5,7.0,0.5,0.05543976910444448,0.13,True,-0.011090468649181173,False,,model credit 0.13 < 0.50,,,,,
baseline,2017-12-04,2017-12-05,2018-01-19,7.875827351510579,7.5,7.0,0.5,0.047719094735932166,0.13,True,-0.011090468649181173,False,,model credit 0.13 < 0.50,,,,,
baseline,2018-01-30,2018-01-31,2018-04-20,8.52374827628158,8.0,7.5,0.5,0.06144577001868734,0.17,False,0.07321321685306859,False,,model credit 0.17 < 0.50,,,,,
baseline,2018-01-31,2018-02-01,2018-04-20,8.934444196107464,8.5,8.0,0.5,0.048625766367956236,0.17,False,0.01008302762641744,False,,model credit 0.17 < 0.50,,,,,
baseline,2018-02-01,2018-02-02,2018-04-20,8.585705734824549,8.0,7.5,0.5,0.06821870594153523,0.16,False,0.07886263375269742,False,,model credit 0.16 < 0.50,,,,,
baseline,2018-02-02,2018-02-05,2018-04-20,8.87533164633989,8.5,8.0,0.5,0.04228930943607867,0.18,False,0.015400125884891702,False,,model credit 0.18 < 0.50,,,,,
baseline,2018-02-05,2018-02-06,2018-04-20,9.149118155984434,9.0,8.5,0.5,0.016298637031689878,0.2,True,-0.019384226680096428,False,,model credit 0.20 < 0.50,,,,,
baseline,2018-02-06,2018-02-07,2018-04-20,9.012163837917413,8.5,8.0,0.5,0.056830284838204514,0.17,False,0.015400125884891702,False,,model credit 0.17 < 0.50,,,,,
baseline,2018-02-07,2018-02-08,2018-04-20,8.825541959879132,8.5,8.0,0.5,0.03688634209196939,0.18,False,0.015400125884891702,False,,model credit 0.18 < 0.50,,,,,
baseline,2018-02-08,2018-02-09,2018-04-20,8.63090107002158,8.5,8.0,0.5,0.015166558967550814,0.2,False,0.03678163556297265,False,,model credit 0.20 < 0.50,,,,,
baseline,2018-02-09,2018-02-12,2018-04-20,8.812643902285268,8.5,8.0,0.5,0.03547674293343395,0.18,False,0.03923245476214232,False,,model credit 0.18 < 0.50,,,,,
baseline,2018-02-12,2018-02-13,2018-04-20,8.83347586547821,8.5,8.0,0.5,0.037751375625698524,0.18,False,0.04299971983500406,False,,model credit 0.18 < 0.50,,,,,
baseline,2018-02-13,2018-02-14,2018-04-20,8.865497618597534,8.5,8.0,0.5,0.041226971606287965,0.17,False,0.049516857885359755,False,,model credit 0.17 < 0.50,,,,,
baseline,2018-02-14,2018-02-15,2018-04-20,8.920893292025559,8.5,8.0,0.5,0.047180621743541984,0.16,False,0.07247140680040509,False,,model credit 0.16 < 0.50,,,,,
baseline,2018-02-15,2018-02-16,2018-04-20,9.428226008862696,9.0,8.5,0.5,0.045419573996227536,0.17,False,0.012889661978160216,False,,model credit 0.17 < 0.50,,,,,
baseline,2018-02-16,2018-02-19,2018-04-20,9.553632508002122,9.0,8.5,0.5,0.05794994809967835,0.15,False,0.012889661978160216,False,,model credit 0.15 < 0.50,,,,,
baseline,2018-02-19,2018-02-20,2018-04-20,9.28194605564497,9.0,8.5,0.5,0.03037574814103783,0.18,False,0.012889661978160216,False,,model credit 0.18 < 0.50,,,,,
baseline,2018-02-20,2018-02-21,2018-04-20,9.116006957803442,8.5,8.0,0.5,0.06757420882353882,0.14,False,0.0907188249366615,False,,model credit 0.14 < 0.50,,,,,
baseline,2018-02-21,2018-02-22,2018-04-20,9.345704735020368,9.0,8.5,0.5,0.03699076151260561,0.17,False,0.03012333466240258,False,,model credit 0.17 < 0.50,,,,,
baseline,2018-02-22,2018-02-23,2018-04-20,9.271110011961623,9.0,8.5,0.5,0.029242454421513298,0.18,False,0.030752879126530575,False,,model credit 0.18 < 0.50,,,,,
baseline,2018-02-23,2018-02-26,2018-04-20,9.276775912138776,9.0,8.5,0.5,0.029835356028877547,0.18,False,0.045136942560296545,False,,model credit 0.18 < 0.50,,,,,
baseline,2018-02-26,2018-02-27,2018-04-20,9.518367129800806,9.0,8.5,0.5,0.05445966968198401,0.14,False,0.045136942560296545,False,,model credit 0.14 < 0.50,,,,,
baseline,2018-02-27,2018-02-28,2018-04-20,9.406232483042668,9.0,8.5,0.5,0.04318758692973135,0.15,False,0.08443315277295138,False,,model credit 0.15 < 0.50,,,,,
baseline,2018-02-28,2018-03-01,2018-04-20,9.759898374956562,9.5,9.0,0.5,0.026629209134333642,0.17,False,0.04170667322127675,False,,model credit 0.17 < 0.50,,,,,
baseline,2018-03-01,2018-03-02,2018-04-20,9.89621339560213,9.5,9.0,0.5,0.04003686862474154,0.15,False,0.05523623388016219,False,,model credit 0.15 < 0.50,,,,,
baseline,2018-03-02,2018-03-05,2018-04-20,10.02474422186154,9.5,9.0,0.5,0.05234489880721349,0.13,False,0.05853201282750309,False,,model credit 0.13 < 0.50,,,,,
baseline,2018-03-05,2018-03-06,2018-04-20,10.05605412186128,9.5,9.0,0.5,0.055295458350055005,0.12,False,0.09356405777731602,False,,model credit 0.12 < 0.50,,,,,
baseline,2018-04-25,2018-04-26,2018-06-15,16.868935852967834,16.0,15.0,1.0,0.05151100582405488,0.35,True,-0.014321484315724886,False,,model credit 0.35 < 0.50,,,,,
baseline,2018-04-26,2018-04-27,2018-06-15,17.01715680670774,16.0,15.0,1.0,0.05977242956983275,0.33,True,-0.014321484315724886,False,,model credit 0.33 < 0.50,,,,,
baseline,2018-04-27,2018-04-30,2018-06-15,16.91143273093899,16.0,15.0,1.0,0.053894471594446935,0.33,True,-0.014321484315724886,False,,model credit 0.33 < 0.50,,,,,
baseline,2018-04-30,2018-05-01,2018-06-15,16.824575438519243,16.0,15.0,1.0,0.049010178089332834,0.33,True,-0.014321484315724886,False,,model credit 0.33 < 0.50,,,,,
baseline,2018-05-01,2018-05-02,2018-07-20,16.431448814351345,16.0,15.0,1.0,0.026257502866972704,0.39,True,-0.014321484315724886,False,,model credit 0.39 < 0.50,,,,,
baseline,2018-05-02,2018-05-03,2018-07-20,16.268828882301104,16.0,15.0,1.0,0.016524169271554867,0.41,True,-0.014321484315724886,False,,model credit 0.41 < 0.50,,,,,
baseline,2018-05-03,2018-05-04,2018-07-20,15.770856250948402,15.0,14.0,1.0,0.04887852876739307,0.36,False,0.04528034020867011,False,,model credit 0.36 < 0.50,,,,,
baseline,2018-05-04,2018-05-07,2018-07-20,15.679205103130052,15.0,14.0,1.0,0.043318848032319,0.36,False,0.0680974489428956,False,,model credit 0.36 < 0.50,,,,,
baseline,2018-05-07,2018-05-08,2018-07-20,16.021461734143433,15.0,14.0,1.0,0.0637558389548557,0.33,False,0.09209777054310608,False,,model credit 0.33 < 0.50,,,,,
baseline,2018-05-08,2018-05-09,2018-07-20,16.410013911534065,16.0,15.0,1.0,0.02498559195284289,0.37,False,0.02384165988416198,False,,model credit 0.37 < 0.50,,,,,
baseline,2018-05-09,2018-05-10,2018-07-20,17.268489429606095,17.0,16.0,1.0,0.015547939540431432,0.39,True,-0.010738271887769213,False,,model credit 0.39 < 0.50,,,,,
baseline,2018-05-10,2018-05-11,2018-07-20,18.290495089531763,18.0,17.0,1.0,0.015882297778698318,0.4,True,-0.008345976651234266,False,,model credit 0.40 < 0.50,,,,,
baseline,2018-05-11,2018-05-14,2018-07-20,18.111068389186606,17.0,16.0,1.0,0.06134747908356308,0.31,True,-0.010738271887769213,False,,model credit 0.31 < 0.50,,,,,
baseline,2018-05-14,2018-05-15,2018-07-20,18.196893525635915,17.0,16.0,1.0,0.0657746072949057,0.29,True,-0.010738271887769213,False,,model credit 0.29 < 0.50,,,,,
baseline,2018-05-15,2018-05-16,2018-07-20,17.849772420277784,17.0,16.0,1.0,0.0476069050220731,0.32,True,-0.010738271887769213,False,,model credit 0.32 < 0.50,,,,,
baseline,2018-05-16,2018-05-17,2018-07-20,18.131952472328035,17.0,16.0,1.0,0.06242860354148605,0.29,True,-0.010738271887769213,False,,model credit 0.29 < 0.50,,,,,
baseline,2018-05-17,2018-05-18,2018-07-20,17.70154359205104,17.0,16.0,1.0,0.03963177495809289,0.34,True,-0.010738271887769213,False,,model credit 0.34 < 0.50,,,,,
baseline,2018-05-18,2018-05-21,2018-07-20,17.156131435026413,16.0,15.0,1.0,0.06738881894236515,0.27,False,0.02384165988416198,False,,model credit 0.27 < 0.50,,,,,
baseline,2018-05-21,2018-05-22,2018-07-20,16.817449377907923,16.0,15.0,1.0,0.048607215014528804,0.3,False,0.02384165988416198,False,,model credit 0.30 < 0.50,,,,,
baseline,2018-05-22,2018-05-23,2018-07-20,16.38146655814659,16.0,15.0,1.0,0.023286471744917492,0.35,False,0.025741097664810475,False,,model credit 0.35 < 0.50,,,,,
baseline,2018-05-23,2018-05-24,2018-07-20,16.411857562636968,16.0,15.0,1.0,0.025095121686566246,0.34,False,0.0410210216824789,False,,model credit 0.34 < 0.50,,,,,
baseline,2018-05-24,2018-05-25,2018-07-20,17.608851073190007,17.0,16.0,1.0,0.034576422428661435,0.35,True,-0.0008607720471751623,False,,model credit 0.35 < 0.50,,,,,
baseline,2018-05-25,2018-05-28,2018-07-20,17.074391905802457,16.0,15.0,1.0,0.06292416805996714,0.29,False,0.0410210216824789,False,,model credit 0.29 < 0.50,,,,,
baseline,2018-05-28,2018-05-29,2018-07-20,16.98536687519802,16.0,15.0,1.0,0.05801269306916479,0.3,False,0.0410210216824789,False,,model credit 0.30 < 0.50,,,,,
baseline,2018-05-29,2018-05-30,2018-07-20,17.91155422445592,17.0,16.0,1.0,0.05089196688533648,0.33,True,-0.020215509004725796,False,,model credit 0.33 < 0.50,,,,,
baseline,2018-05-30,2018-05-31,2018-07-20,18.294186013985517,18.0,17.0,1.0,0.016080847421176214,0.39,True,-0.05336410810895842,False,,model credit 0.39 < 0.50,,,,,
baseline,2018-05-31,2018-06-01,2018-07-20,17.03944605403875,16.0,15.0,1.0,0.06100233838249547,0.32,False,0.0410210216824789,False,,model credit 0.32 < 0.50,,,,,
baseline,2018-06-01,2018-06-04,2018-07-20,16.656336346919662,16.0,15.0,1.0,0.03940460454504702,0.35,False,0.05660687179759871,False,,model credit 0.35 < 0.50,,,,,
baseline,2018-06-04,2018-06-05,2018-07-20,16.90570994876158,16.0,15.0,1.0,0.0535742037161786,0.33,False,0.09172260885990724,False,,model credit 0.33 < 0.50,,,,,
baseline,2018-07-25,2018-07-26,2018-09-21,21.690219837522164,21.0,20.0,1.0,0.031821707787771936,0.36,False,0.06523035569164537,False,,model credit 0.36 < 0.50,,,,,
baseline,2018-07-26,2018-07-27,2018-09-21,22.36983746952455,22.0,21.0,1.0,0.016532863505530515,0.4,False,0.043571187441174386,False,,model credit 0.40 < 0.50,,,,,
baseline,2018-07-27,2018-07-30,2018-09-21,23.197227825733847,22.0,21.0,1.0,0.05161081465112405,0.33,False,0.043571187441174386,False,,model credit 0.33 < 0.50,,,,,
baseline,2018-07-30,2018-07-31,2018-09-21,23.202356863947287,22.0,21.0,1.0,0.05182046250721861,0.33,False,0.043571187441174386,False,,model credit 0.33 < 0.50,,,,,
baseline,2018-07-31,2018-08-01,2018-09-21,22.958566123705836,22.0,21.0,1.0,0.04175200308855831,0.34,False,0.07118368325004587,False,,model credit 0.34 < 0.50,,,,,
baseline,2018-08-01,2018-08-02,2018-09-21,23.56604103150101,23.0,22.0,1.0,0.024019351860771754,0.38,False,0.07335489467675704,False,,model credit 0.38 < 0.50,,,,,
baseline,2018-08-02,2018-08-03,2018-09-21,25.446452016560706,25.0,22.5,2.5,0.01754476483676981,0.88,False,-0.01251349689738357,True,2018-08-09,take_profit,0.44,44.0,6,,
baseline,2018-08-09,2018-08-10,2018-10-19,28.042140698630703,27.5,25.0,2.5,0.019333071053921902,0.91,True,-0.0013478337746650748,True,2018-08-10,backup_stop,1.11,-19.81,0,,
baseline,2018-08-10,2018-08-13,2018-10-19,27.462934571196712,25.0,22.5,2.5,0.08968213374326905,0.62,True,-0.01251349689738357,True,2018-08-31,backup_stop,1.1,-47.69,18,,
baseline,2018-08-31,2018-09-03,2018-10-19,24.68716257756541,24.0,23.0,1.0,0.02783481396075349,0.37,True,-0.007332882359869175,False,,model credit 0.37 < 0.50,,,,,
baseline,2018-09-03,2018-09-04,2018-10-19,24.424799154222896,24.0,23.0,1.0,0.017392124763877526,0.39,True,-0.007332882359869175,False,,model credit 0.39 < 0.50,,,,,
baseline,2018-10-24,2018-10-25,2018-12-21,21.755819275117144,21.0,20.0,1.0,0.03474101644067251,0.39,False,0.12313574046208053,False,,model credit 0.39 < 0.50,,,,,
baseline,2018-10-25,2018-10-26,2018-12-21,23.58585054970369,23.0,22.0,1.0,0.02483906817221182,0.42,False,0.039237964883960696,False,,model credit 0.42 < 0.50,,,,,
baseline,2018-10-26,2018-10-29,2018-12-21,23.956770274025633,23.0,22.0,1.0,0.03993736480676535,0.39,False,0.039237964883960696,False,,model credit 0.39 < 0.50,,,,,
baseline,2018-10-29,2018-10-30,2018-12-21,23.902473192331097,23.0,22.0,1.0,0.037756477543949174,0.38,False,0.09492117241801501,False,,model credit 0.38 < 0.50,,,,,
baseline,2018-10-30,2018-10-31,2018-12-21,25.32642389499303,24.0,23.0,1.0,0.05237312225731405,0.36,False,0.04929945690059756,False,,model credit 0.36 < 0.50,,,,,
baseline,2018-10-31,2018-11-01,2018-12-21,25.21079143281924,24.0,23.0,1.0,0.04802671253085056,0.36,False,0.04929945690059756,False,,model credit 0.36 < 0.50,,,,,
baseline,2018-11-01,2018-11-02,2018-12-21,25.183186965614343,24.0,23.0,1.0,0.04698321015643858,0.36,False,0.06360832608180367,False,,model credit 0.36 < 0.50,,,,,
baseline,2018-11-02,2018-11-05,2018-12-21,25.600179972363534,25.0,22.5,2.5,0.023444365352566,0.88,False,0.02106399303853146,True,2018-11-14,take_profit,0.44,44.0,9,,
baseline,2018-11-14,2018-11-15,2019-01-18,28.57873950677402,27.5,25.0,2.5,0.03774622412994555,0.88,True,-0.00912081800836817,True,2018-11-23,backup_stop,1.11,-23.43,8,,
baseline,2018-11-23,2018-11-26,2019-01-18,27.249177504769875,25.0,22.5,2.5,0.08254111539242481,0.54,True,-0.003868040453471444,True,2018-12-10,take_profit,0.27,27.0,14,,
baseline,2019-01-29,2019-01-30,2019-04-19,26.945067139492412,25.0,22.5,2.5,0.07218639053385756,0.84,True,-0.014394929444104365,True,2019-02-18,backup_stop,1.18,-34.15,19,,
baseline,2019-02-18,2019-02-19,2019-04-19,24.640126763897392,24.0,23.0,1.0,0.025979036959960067,0.41,True,-0.003190651363388586,False,,model credit 0.41 < 0.50,,,,,
baseline,2019-02-19,2019-02-20,2019-04-19,25.84899128897681,25.0,22.5,2.5,0.03284427154180125,0.89,True,-0.030883334983753397,True,2019-02-26,backup_stop,1.25,-36.45,6,,
baseline,2019-02-26,2019-02-27,2019-04-19,24.227916625406166,23.0,22.0,1.0,0.05068189082830732,0.35,True,-0.018510152601638796,False,,model credit 0.35 < 0.50,,,,,
baseline,2019-02-27,2019-02-28,2019-04-19,23.923424367278674,23.0,22.0,1.0,0.03859917180341832,0.37,True,-0.018510152601638796,False,,model credit 0.37 < 0.50,,,,,
baseline,2019-02-28,2019-03-01,2019-04-19,23.08555241951909,22.0,21.0,1.0,0.04702302114292245,0.35,True,-0.02039687497014553,False,,model credit 0.35 < 0.50,,,,,
baseline,2019-03-01,2019-03-04,2019-04-19,22.57426649016231,22.0,21.0,1.0,0.025438987814402236,0.38,True,-0.02039687497014553,False,,model credit 0.38 < 0.50,,,,,
baseline,2019-03-04,2019-03-05,2019-04-19,22.40994205648944,22.0,21.0,1.0,0.01829286552620657,0.39,True,-0.02039687497014553,False,,model credit 0.39 < 0.50,,,,,
baseline,2019-04-30,2019-05-01,2019-06-21,21.671035482946298,21.0,20.0,1.0,0.03096462480873885,0.38,True,-0.009905433852588685,False,,model credit 0.38 < 0.50,,,,,
baseline,2019-05-01,2019-05-02,2019-06-21,23.20287328519455,22.0,21.0,1.0,0.051841565930633604,0.36,True,-0.02722672301791529,False,,model credit 0.36 < 0.50,,,,,
baseline,2019-05-02,2019-05-03,2019-06-21,23.629999706406526,23.0,22.0,1.0,0.02666101202852411,0.4,True,-0.03908845867173405,False,,model credit 0.40 < 0.50,,,,,
baseline,2019-05-03,2019-05-06,2019-06-21,22.100965450550117,21.0,20.0,1.0,0.04981526499434952,0.36,True,-0.009905433852588685,False,,model credit 0.36 < 0.50,,,,,
baseline,2019-05-06,2019-05-07,2019-06-21,21.401012093605864,21.0,20.0,1.0,0.018737996682207214,0.41,True,-0.009905433852588685,False,,model credit 0.41 < 0.50,,,,,
baseline,2019-05-07,2019-05-08,2019-07-19,20.79198588909564,20.0,19.0,1.0,0.03809092086345611,0.4,True,-0.0008328941061497286,False,,model credit 0.40 < 0.50,,,,,
baseline,2019-05-08,2019-05-09,2019-07-19,21.048840414840598,20.0,19.0,1.0,0.049828892906666145,0.38,True,-0.0008328941061497286,False,,model credit 0.38 < 0.50,,,,,
baseline,2019-05-09,2019-05-10,2019-07-19,22.069351300544007,21.0,20.0,1.0,0.048454133788592424,0.39,True,-0.048412280101094995,False,,model credit 0.39 < 0.50,,,,,
baseline,2019-05-10,2019-05-13,2019-07-19,22.458344639710425,22.0,21.0,1.0,0.020408656428755223,0.42,True,-0.022654196811803584,False,,model credit 0.42 < 0.50,,,,,
baseline,2019-05-13,2019-05-14,2019-07-19,22.757593880617183,22.0,21.0,1.0,0.03328971791092694,0.39,True,-0.022654196811803584,False,,model credit 0.39 < 0.50,,,,,
baseline,2019-05-14,2019-05-15,2019-07-19,23.034316748967516,22.0,21.0,1.0,0.04490329625313838,0.37,True,-0.022654196811803584,False,,model credit 0.37 < 0.50,,,,,
baseline,2019-05-15,2019-05-16,2019-07-19,21.50160767014032,21.0,20.0,1.0,0.023328844886185474,0.41,True,-0.048412280101094995,False,,model credit 0.41 < 0.50,,,,,
baseline,2019-05-16,2019-05-17,2019-07-19,21.790000920804317,21.0,20.0,1.0,0.036255203644808165,0.39,True,-0.048412280101094995,False,,model credit 0.39 < 0.50,,,,,
baseline,2019-05-17,2019-05-20,2019-07-19,21.542968664175774,21.0,20.0,1.0,0.02520398523712697,0.4,True,-0.048412280101094995,False,,model credit 0.40 < 0.50,,,,,
baseline,2019-05-20,2019-05-21,2019-07-19,21.23072754750251,20.0,19.0,1.0,0.057969164963792674,0.35,True,-0.0008328941061497286,False,,model credit 0.35 < 0.50,,,,,
baseline,2019-05-21,2019-05-22,2019-07-19,19.983342117877005,19.0,18.0,1.0,0.049208091022838074,0.37,True,-0.0035484404760017796,False,,model credit 0.37 < 0.50,,,,,
baseline,2019-05-22,2019-05-23,2019-07-19,20.13470654929009,19.0,18.0,1.0,0.056355753013450194,0.36,True,-0.0035484404760017796,False,,model credit 0.36 < 0.50,,,,,
baseline,2019-05-23,2019-05-24,2019-07-19,20.186857357177942,19.0,18.0,1.0,0.05879356732839469,0.34,True,-0.0035484404760017796,False,,model credit 0.34 < 0.50,,,,,
baseline,2019-05-24,2019-05-27,2019-07-19,20.410387965558975,20.0,19.0,1.0,0.020106818461828047,0.4,True,-8.320543719742002e-05,False,,model credit 0.40 < 0.50,,,,,
baseline,2019-05-27,2019-05-28,2019-07-19,20.346604533800765,20.0,19.0,1.0,0.017035006171421285,0.41,True,-8.320543719742002e-05,False,,model credit 0.41 < 0.50,,,,,
baseline,2019-05-28,2019-05-29,2019-07-19,20.691459819607555,20.0,19.0,1.0,0.03341764310666551,0.38,True,-8.320543719742002e-05,False,,model credit 0.38 < 0.50,,,,,
baseline,2019-05-29,2019-05-30,2019-07-19,20.79813758070222,20.0,19.0,1.0,0.03837543518525344,0.35,True,-8.320543719742002e-05,False,,model credit 0.35 < 0.50,,,,,
baseline,2019-05-30,2019-05-31,2019-07-19,20.597327461606334,20.0,19.0,1.0,0.02900024106135901,0.37,True,-8.320543719742002e-05,False,,model credit 0.37 < 0.50,,,,,
baseline,2019-05-31,2019-06-03,2019-07-19,19.99833589125605,19.0,18.0,1.0,0.04992094825712756,0.3,True,-0.0035484404760017796,False,,model credit 0.30 < 0.50,,,,,
baseline,2019-06-03,2019-06-04,2019-07-19,19.65927814206247,19.0,18.0,1.0,0.03353521616095834,0.33,True,-0.0035484404760017796,False,,model credit 0.33 < 0.50,,,,,
baseline,2019-07-30,2019-07-31,2019-09-20,21.526643509969276,21.0,20.0,1.0,0.024464729474680036,0.39,False,0.02349541544407785,False,,model credit 0.39 < 0.50,,,,,
baseline,2019-07-31,2019-08-01,2019-09-20,21.493403724325635,21.0,20.0,1.0,0.022956053431742562,0.38,False,0.05635106237724519,False,,model credit 0.38 < 0.50,,,,,
baseline,2019-08-01,2019-08-02,2019-09-20,22.25054062732246,21.0,20.0,1.0,0.056202707532726826,0.31,False,0.05635106237724519,False,,model credit 0.31 < 0.50,,,,,
baseline,2019-08-02,2019-08-05,2019-09-20,22.18337230992215,21.0,20.0,1.0,0.05334501415697068,0.31,False,0.05831908971282607,False,,model credit 0.31 < 0.50,,,,,
baseline,2019-08-05,2019-08-06,2019-09-20,22.593220248758545,22.0,21.0,1.0,0.026256560252456373,0.35,False,0.010213676544061245,False,,model credit 0.35 < 0.50,,,,,
baseline,2019-08-06,2019-08-07,2019-10-18,22.410401105156513,22.0,21.0,1.0,0.018312974552788464,0.39,False,0.010213676544061245,False,,model credit 0.39 < 0.50,,,,,
baseline,2019-08-07,2019-08-08,2019-10-18,23.866774970059705,23.0,22.0,1.0,0.03631722221150757,0.37,True,-0.005510040487170853,False,,model credit 0.37 < 0.50,,,,,
baseline,2019-08-08,2019-08-09,2019-10-18,23.71181724043034,23.0,22.0,1.0,0.030019514456135377,0.38,True,-0.005510040487170853,False,,model credit 0.38 < 0.50,,,,,
baseline,2019-08-09,2019-08-12,2019-10-18,24.004576556874387,23.0,22.0,1.0,0.041849376284319284,0.35,True,-0.005510040487170853,False,,model credit 0.35 < 0.50,,,,,
baseline,2019-08-12,2019-08-13,2019-10-18,24.184782352867668,23.0,22.0,1.0,0.048988753985093614,0.32,True,-0.005510040487170853,False,,model credit 0.32 < 0.50,,,,,
baseline,2019-08-13,2019-08-14,2019-10-18,23.7234046394024,23.0,22.0,1.0,0.0304932892389691,0.36,True,-0.005510040487170853,False,,model credit 0.36 < 0.50,,,,,
baseline,2019-08-14,2019-08-15,2019-10-18,22.87326906879507,22.0,21.0,1.0,0.038178585936648246,0.35,False,0.010213676544061245,False,,model credit 0.35 < 0.50,,,,,
baseline,2019-08-15,2019-08-16,2019-10-18,22.224700883969348,21.0,20.0,1.0,0.05510539333524722,0.31,False,0.06817228420189947,False,,model credit 0.31 < 0.50,,,,,
baseline,2019-08-16,2019-08-19,2019-10-18,23.11336888370109,22.0,21.0,1.0,0.048169909341351125,0.33,False,0.019618998556358624,False,,model credit 0.33 < 0.50,,,,,
baseline,2019-08-19,2019-08-20,2019-10-18,22.704094189648075,22.0,21.0,1.0,0.031011771875449012,0.36,False,0.019618998556358624,False,,model credit 0.36 < 0.50,,,,,
baseline,2019-08-20,2019-08-21,2019-10-18,22.431617968239888,22.0,21.0,1.0,0.019241499603416923,0.38,False,0.024354118799078783,False,,model credit 0.38 < 0.50,,,,,
baseline,2019-08-21,2019-08-22,2019-10-18,22.53579061357973,22.0,21.0,1.0,0.02377509725604532,0.37,False,0.030236714242714458,False,,model credit 0.37 < 0.50,,,,,
baseline,2019-08-22,2019-08-23,2019-10-18,22.66520771333972,22.0,21.0,1.0,0.029349288202119905,0.35,False,0.05936732208268691,False,,model credit 0.35 < 0.50,,,,,
baseline,2019-08-23,2019-08-26,2019-10-18,23.66302521675003,23.0,22.0,1.0,0.02801946119216836,0.36,False,0.013307873296483086,False,,model credit 0.36 < 0.50,,,,,
baseline,2019-08-26,2019-08-27,2019-10-18,23.306081085819113,22.0,21.0,1.0,0.056040356206166875,0.29,False,0.07692436162698635,False,,model credit 0.29 < 0.50,,,,,
baseline,2019-08-27,2019-08-28,2019-10-18,24.148152912542308,23.0,22.0,1.0,0.0475462001876743,0.31,False,0.030101563295378275,False,,model credit 0.31 < 0.50,,,,,
baseline,2019-08-28,2019-08-29,2019-10-18,24.25630937247469,23.0,22.0,1.0,0.05179309651699571,0.3,False,0.030101563295378275,False,,model credit 0.30 < 0.50,,,,,
baseline,2019-08-29,2019-08-30,2019-10-18,24.620168000094253,24.0,23.0,1.0,0.025189430067734664,0.36,True,-0.012819335175262458,False,,model credit 0.36 < 0.50,,,,,
baseline,2019-08-30,2019-09-02,2019-10-18,24.001877488425734,23.0,22.0,1.0,0.04174162995827568,0.32,False,0.030101563295378275,False,,model credit 0.32 < 0.50,,,,,
baseline,2019-09-02,2019-09-03,2019-10-18,23.692335955793702,23.0,22.0,1.0,0.02922193730012501,0.35,False,0.03307319210310489,False,,model credit 0.35 < 0.50,,,,,
baseline,2019-10-29,2019-10-30,2019-12-20,34.667235436210134,32.5,30.0,2.5,0.06251538113553878,0.79,False,0.03597878571469071,True,2019-11-14,take_profit,0.4,39.5,15,,
baseline,2019-11-14,2019-11-15,2020-01-17,35.825513229316066,35.0,32.5,2.5,0.023042607206546495,0.88,True,-0.01617760351183284,True,2019-11-18,backup_stop,1.2,-31.86,3,,
baseline,2019-11-18,2019-11-19,2020-01-17,34.43378387708585,32.5,30.0,2.5,0.05615949394317654,0.67,False,0.034114147305850384,True,2019-12-09,take_profit,0.34,33.5,20,,
baseline,2020-01-28,2020-01-29,2020-03-20,37.414146407778546,35.0,32.5,2.5,0.06452496287010401,0.73,True,-0.015809173659934173,True,2020-01-30,backup_stop,1.23,-50.46,1,,
baseline,2020-01-30,2020-01-31,2020-03-20,34.446678921902304,32.5,30.0,2.5,0.0565128187340157,0.76,False,0.002319399900347907,True,2020-02-21,take_profit,0.38,38.0,21,,
baseline,2020-02-21,2020-02-24,2020-04-17,37.01977500675294,35.0,32.5,2.5,0.05455935392326128,0.81,True,-0.02675631907605791,True,2020-03-05,take_profit,0.41,40.5,10,,
baseline,2020-04-28,2020-04-29,2020-06-19,44.21823531234196,42.5,40.0,2.5,0.03885807066258873,0.85,False,0.03703985668741061,True,2020-05-19,take_profit,0.42,42.5,20,,
baseline,2020-05-19,2020-05-20,2020-07-17,47.156566998203964,45.0,42.5,2.5,0.04573206099345828,0.76,True,-0.0067851467803701215,True,2020-05-28,take_profit,0.38,38.0,8,,
baseline,2020-05-28,2020-05-29,2020-07-17,51.54547200295515,50.0,47.5,2.5,0.02998269184277813,0.86,True,-0.0010862489772942574,True,2020-06-01,backup_stop,1.17,-31.32,3,,
baseline,2020-06-01,2020-06-02,2020-07-17,49.945687551135286,47.5,45.0,2.5,0.0489669413126278,0.78,True,-0.04823241903192321,True,2020-06-03,backup_stop,1.52,-74.18,1,,
baseline,2020-07-28,2020-07-29,2020-09-18,43.71733862887156,42.5,40.0,2.5,0.027845671009525064,0.86,True,-0.03303704994091006,True,2020-08-05,backup_stop,1.38,-51.79,7,,
baseline,2020-08-05,2020-08-06,2020-10-16,41.09592537751132,40.0,37.5,2.5,0.026667494829330174,0.91,True,-0.005899123193581657,True,2020-08-18,take_profit,0.46,45.5,12,,
baseline,2020-08-18,2020-08-19,2020-10-16,45.913279612966065,45.0,42.5,2.5,0.019891404418606373,0.95,True,-0.06450122803138547,True,2020-08-19,backup_stop,1.59,-64.32,0,,
baseline,2020-08-19,2020-08-20,2020-10-16,42.097444738587654,40.0,37.5,2.5,0.04982356415245981,0.85,True,-0.005899123193581657,True,2020-08-20,backup_stop,1.21,-35.91,0,,
baseline,2020-08-20,2020-08-21,2020-10-16,39.76403507225673,37.5,35.0,2.5,0.056936753730919665,0.82,False,0.015741218418361624,True,2020-09-16,take_profit,0.41,41.0,26,,
baseline,2020-10-27,2020-10-28,2020-12-18,50.275112991920004,47.5,45.0,2.5,0.05519854311149952,0.67,True,-0.008998658184348862,True,2020-11-06,take_profit,0.34,33.5,9,,
baseline,2020-11-06,2020-11-09,2021-01-15,54.83265652772971,52.5,50.0,2.5,0.04254137361646981,0.78,True,-0.04574190040655346,True,2020-11-16,backup_stop,1.51,-73.47,7,,
baseline,2020-11-16,2020-11-17,2021-01-15,50.098550228655945,47.5,45.0,2.5,0.051868770988298896,0.78,True,-0.008998658184348862,True,2020-11-24,backup_stop,1.22,-43.9,7,,
baseline,2020-11-24,2020-11-25,2021-01-15,47.07256373624343,45.0,42.5,2.5,0.044029123798236314,0.8,False,0.04553750767966003,True,2020-12-21,take_profit,0.4,40.0,26,,
baseline,2021-01-26,2021-01-27,2021-03-19,61.391576604734595,60.0,57.5,2.5,0.02266722377394159,0.79,True,-0.007972253762018378,True,2021-02-01,backup_stop,1.17,-38.2,5,,
baseline,2021-02-01,2021-02-02,2021-03-19,59.5216647742789,57.5,55.0,2.5,0.033965192034624,0.67,True,-0.004034465776299068,True,2021-02-03,backup_stop,1.12,-45.22,1,,
baseline,2021-02-03,2021-02-04,2021-04-16,57.2680182178628,55.0,52.5,2.5,0.03960357435863515,0.72,False,0.03967283444623981,True,2021-02-12,take_profit,0.36,36.0,8,,
baseline,2021-02-12,2021-02-15,2021-04-16,65.73226900557374,62.5,60.0,2.5,0.049173245568316815,0.77,False,0.0060142003784491305,True,2021-02-25,take_profit,0.39,38.5,10,,
baseline,2021-02-25,2021-02-26,2021-04-16,75.06574166117181,72.5,70.0,2.5,0.03417992821216553,0.93,False,0.07118605090270025,True,2021-03-04,take_profit,0.47,46.5,6,,
baseline,2021-04-27,2021-04-28,2021-06-18,103.10872962137199,100.0,95.0,5.0,0.030150013803754816,1.94,False,0.0656351442878702,True,2021-05-05,take_profit,0.97,97.0,7,,
baseline,2021-05-05,2021-05-06,2021-07-16,117.65454568468208,115.0,110.0,5.0,0.02256220249913965,2.02,True,-0.019029328582712668,True,2021-05-06,backup_stop,2.59,-57.02,0,,
baseline,2021-05-06,2021-05-07,2021-07-16,112.81162721298804,110.0,105.0,5.0,0.024923204127529353,2.02,True,-0.0012625455469345015,True,2021-05-11,backup_stop,2.32,-29.71,4,,
baseline,2021-05-11,2021-05-12,2021-07-16,109.8611199898372,105.0,100.0,5.0,0.04424786485234167,1.79,False,0.04088512324523963,True,2021-05-19,take_profit,0.9,89.5,7,,
baseline,2021-05-19,2021-05-20,2021-07-16,124.46174711428225,120.0,115.0,5.0,0.03584834069688425,1.87,False,0.02735789844950043,True,2021-06-07,take_profit,0.94,93.5,18,,
baseline,2021-07-27,2021-07-28,2021-09-17,153.82956952832185,150.0,145.0,5.0,0.02489488555460584,2.03,True,-0.07001723549750449,True,2021-08-02,backup_stop,3.26,-122.68,5,,
baseline,2021-08-02,2021-08-03,2021-09-17,139.49741467537433,135.0,130.0,5.0,0.03224012922275521,1.98,False,0.0392035116138969,True,2021-08-10,take_profit,0.99,99.0,7,,
baseline,2021-08-10,2021-08-11,2021-10-15,157.85792424505178,155.0,150.0,5.0,0.01810440786371459,2.13,True,-0.06555076490800371,True,2021-08-16,backup_stop,3.19,-105.6,5,,
baseline,2021-08-16,2021-08-17,2021-10-15,144.83963143925942,140.0,135.0,5.0,0.033413723793470074,2.01,False,0.0020891004848291317,True,2021-09-01,take_profit,1.0,100.5,15,,
baseline,2021-10-26,2021-10-27,2021-12-17,166.9471632852952,160.0,155.0,5.0,0.04161294596796017,1.64,True,-0.0025033191570749125,True,2021-11-10,backup_stop,2.35,-71.48,14,,
baseline,2021-11-10,2021-11-11,2022-01-21,159.599468934868,155.0,150.0,5.0,0.02881882355601728,1.95,True,-0.014252026183041555,True,2021-11-12,backup_stop,2.55,-59.97,1,,
baseline,2021-11-12,2021-11-15,2022-01-21,152.79093594162856,150.0,145.0,5.0,0.018266371132740433,2.01,False,0.03871474211240744,True,2021-11-24,take_profit,1.0,100.5,9,,
baseline,2021-11-24,2021-11-25,2022-01-21,174.3184522658126,170.0,165.0,5.0,0.024773351355985684,1.99,False,0.024038411940512594,True,2021-12-06,take_profit,0.99,99.5,11,,
baseline,2021-12-06,2021-12-07,2022-01-21,197.42949248454087,190.0,185.0,5.0,0.03763111777802208,1.72,False,0.02261064452328676,True,2021-12-16,take_profit,0.86,86.0,9,,
baseline,2022-02-01,2022-02-02,2022-04-15,174.80705654151683,170.0,165.0,5.0,0.027499213341969142,1.82,False,0.01771251426722187,True,2022-02-22,take_profit,0.91,91.0,20,,
baseline,2022-02-22,2022-02-23,2022-04-15,193.33329409362474,190.0,185.0,5.0,0.01724117984567386,2.01,True,-0.03287967812013115,True,2022-03-02,take_profit,1.0,100.5,7,,
baseline,2022-05-03,2022-05-04,2022-07-15,186.55013213362085,180.0,175.0,5.0,0.035111913664736316,1.9,True,-0.0059038081159688005,True,2022-05-20,take_profit,0.95,95.0,16,,
baseline,2022-05-20,2022-05-23,2022-07-15,213.11252724014307,210.0,205.0,5.0,0.01460508812152439,2.12,True,-0.04745006909070215,True,2022-05-23,backup_stop,3.09,-97.07,0,,
baseline,2022-05-23,2022-05-24,2022-07-15,200.03548549095254,195.0,190.0,5.0,0.025172961080349388,2.03,True,-0.029788603158300453,True,2022-05-24,backup_stop,2.89,-86.22,0,,
baseline,2022-05-24,2022-05-25,2022-07-15,189.1912223841314,185.0,180.0,5.0,0.022153365950676074,2.05,True,-0.02196167671277549,True,2022-05-25,backup_stop,2.77,-72.15,0,,
baseline,2022-05-25,2022-05-26,2022-07-15,180.93708980813653,175.0,170.0,5.0,0.03281300597037429,1.96,True,-0.07133736902006815,True,2022-05-27,backup_stop,3.29,-133.26,1,,
baseline,2022-05-27,2022-05-30,2022-07-15,162.51596042148807,160.0,155.0,5.0,0.015481312819755622,2.14,True,-0.01937099631703898,True,2022-06-07,backup_stop,2.7,-55.92,8,,
baseline,2022-08-02,2022-08-03,2022-10-21,127.51317982737528,125.0,120.0,5.0,0.019709176971177245,2.09,False,0.04871425717927491,True,2022-08-09,take_profit,1.04,104.5,6,,
baseline,2022-08-09,2022-08-10,2022-10-21,148.55652423512103,145.0,140.0,5.0,0.023940545549464454,2.03,False,0.010585946405681002,True,2022-08-31,take_profit,1.01,101.5,21,,
baseline,2022-08-31,2022-09-01,2022-10-21,184.57928848905757,180.0,175.0,5.0,0.024809330052916745,2.1,True,-0.038770168382373016,True,2022-09-07,backup_stop,2.99,-89.18,6,,
baseline,2022-11-01,2022-11-02,2023-01-20,169.73396096522677,165.0,160.0,5.0,0.02789047600318839,1.99,False,0.03257348721678954,True,2022-12-07,take_profit,0.99,99.5,35,,
baseline,2023-01-31,2023-02-01,2023-04-21,222.19226156386094,215.0,210.0,5.0,0.03236954119481694,1.98,True,-0.024097047370325253,True,2023-02-06,backup_stop,2.81,-82.98,5,,
baseline,2023-02-06,2023-02-07,2023-04-21,209.81913481538007,205.0,200.0,5.0,0.02296804254588325,2.02,True,-0.018193040409946293,True,2023-02-08,backup_stop,2.7,-67.53,1,,
baseline,2023-02-08,2023-02-09,2023-04-21,201.270426715961,195.0,190.0,5.0,0.031154237700355414,1.93,False,0.07176760906456381,True,2023-02-16,take_profit,0.96,96.5,7,,
baseline,2023-02-16,2023-02-17,2023-04-21,228.1894927851949,225.0,220.0,5.0,0.013977386716036433,2.12,False,0.02685668213836867,True,2023-03-03,take_profit,1.06,106.0,14,,
baseline,2023-03-03,2023-03-06,2023-04-21,254.22645984526588,250.0,245.0,5.0,0.01662478346210816,2.08,False,0.03127414918724303,True,2023-03-09,take_profit,1.04,104.0,3,,
baseline,2023-05-02,2023-05-03,2023-07-21,370.3174023848303,360.0,350.0,10.0,0.027860970935707052,4.28,False,0.051791310212805364,True,2023-05-29,take_profit,2.14,214.0,26,,
baseline,2023-05-29,2023-05-30,2023-07-21,416.5462477841848,410.0,400.0,10.0,0.015715536555682696,4.19,True,-0.019618696031303284,True,2023-05-30,backup_stop,5.38,-118.8,0,,
baseline,2023-05-30,2023-05-31,2023-07-21,401.95633462716563,390.0,380.0,10.0,0.029745356888717045,3.84,True,-0.009952452530577083,True,2023-06-05,backup_stop,4.98,-114.04,5,,
baseline,2023-06-05,2023-06-06,2023-07-21,386.11854351307494,380.0,370.0,10.0,0.015846282484663243,4.08,True,-0.0035661271668160355,True,2023-06-08,backup_stop,4.69,-61.28,2,,
baseline,2023-08-01,2023-08-02,2023-10-20,463.3358716802171,450.0,440.0,10.0,0.028782299181491333,4.33,True,-0.018393580652731667,True,2023-08-09,backup_stop,5.51,-118.22,7,,
baseline,2023-08-09,2023-08-10,2023-10-20,441.72288870627074,430.0,420.0,10.0,0.026539011235313215,4.33,True,-0.06636972916459105,True,2023-08-15,backup_stop,6.3,-197.15,5,,
baseline,2023-08-15,2023-08-16,2023-10-20,401.46101645922585,390.0,380.0,10.0,0.028548267426583118,4.29,True,-0.014226717760150276,True,2023-08-16,backup_stop,5.29,-100.23,0,,
baseline,2023-08-16,2023-08-17,2023-10-20,384.4515800735414,370.0,360.0,10.0,0.03759011751434849,4.16,True,-0.003357734199929241,True,2023-08-22,backup_stop,4.89,-72.7,5,,
baseline,2023-08-22,2023-08-23,2023-10-20,368.75763834602617,360.0,350.0,10.0,0.0237490357767407,4.32,True,-0.013679554370988,True,2023-08-24,backup_stop,5.23,-90.5,1,,
baseline,2023-08-24,2023-08-25,2023-10-20,355.0753604264443,350.0,340.0,10.0,0.014293755613875359,4.45,True,-0.008314417235169569,True,2023-08-28,backup_stop,5.0,-54.8,3,,
baseline,2023-08-28,2023-08-29,2023-10-20,347.08995396769063,340.0,330.0,10.0,0.020426848678975595,4.27,True,-0.032556115794260765,True,2023-09-01,backup_stop,5.72,-144.74,3,,
baseline,2023-09-01,2023-09-04,2023-10-20,328.93092062995134,320.0,310.0,10.0,0.027151356317756004,3.99,False,0.04896155773375077,True,2023-09-20,take_profit,2.0,199.5,16,,
baseline,2023-10-31,2023-11-01,2024-01-19,328.6424308934509,320.0,310.0,10.0,0.02629736784125991,4.02,False,0.008740837935354184,True,2023-12-06,take_profit,2.01,201.0,35,,
baseline,2024-01-30,2024-01-31,2024-04-19,507.6617414854992,500.0,490.0,10.0,0.015092217631133109,4.4,True,-0.0028628823986446283,True,2024-02-19,take_profit,2.2,220.0,19,,
baseline,2024-02-19,2024-02-20,2024-04-19,608.1078824291874,590.0,580.0,10.0,0.029777417712219867,4.2,True,-0.002590491021437935,True,2024-02-23,backup_stop,4.91,-71.36,3,,
baseline,2024-02-23,2024-02-26,2024-04-19,588.4716102973516,580.0,570.0,10.0,0.014395954110803966,4.43,True,-0.0060426941163134185,True,2024-02-26,backup_stop,5.05,-62.35,0,,
baseline,2024-02-26,2024-02-27,2024-04-19,576.4952374125382,560.0,550.0,10.0,0.028612963892942433,4.15,True,-0.00847447962467629,True,2024-02-27,backup_stop,5.15,-100.09,0,,
baseline,2024-02-27,2024-02-28,2024-04-19,555.2542914101813,540.0,530.0,10.0,0.02747262226724967,4.18,True,-0.012382377952545931,True,2024-03-07,backup_stop,5.32,-114.01,8,,
baseline,2024-04-30,2024-05-01,2024-06-21,595.9139640828276,580.0,570.0,10.0,0.026705137053334327,4.17,False,0.0008010349032114839,True,2024-05-23,take_profit,2.08,208.5,22,,
baseline,2024-05-23,2024-05-24,2024-07-19,632.0871041227774,620.0,610.0,10.0,0.019122529227284524,4.09,True,-0.017076681987008624,True,2024-05-28,backup_stop,5.52,-142.61,4,,
baseline,2024-05-28,2024-05-29,2024-07-19,609.4124571680546,600.0,590.0,10.0,0.015445134173650454,4.36,True,-0.00565089460993895,True,2024-05-31,backup_stop,5.02,-66.34,2,,
baseline,2024-05-31,2024-06-03,2024-07-19,596.6094632340366,580.0,570.0,10.0,0.027839758263306535,4.07,False,0.0652361190441777,True,2024-06-17,take_profit,2.04,203.5,14,,
baseline,2024-07-30,2024-07-31,2024-09-20,738.8807595691546,720.0,710.0,10.0,0.025553188825980677,4.09,False,0.024343658494462295,True,2024-08-12,take_profit,2.04,204.5,12,,
baseline,2024-08-12,2024-08-13,2024-10-18,843.2343598190051,830.0,820.0,10.0,0.01569475871671766,4.39,True,-0.006907958170584205,True,2024-08-13,backup_stop,5.17,-77.79,0,,
baseline,2024-08-13,2024-08-14,2024-10-18,824.2663947184151,810.0,800.0,10.0,0.01730799024420826,4.37,True,-0.015179557243089725,True,2024-08-14,backup_stop,5.49,-111.69,0,,
baseline,2024-08-14,2024-08-15,2024-10-18,797.7045586330973,780.0,770.0,10.0,0.022194380665737867,4.24,True,-0.0002486792411472427,True,2024-08-19,backup_stop,4.81,-56.69,4,,
baseline,2024-08-19,2024-08-20,2024-10-18,779.8060301919052,760.0,750.0,10.0,0.025398662520000004,4.16,True,-0.029569165636825212,True,2024-08-30,backup_stop,5.82,-166.29,10,,
baseline,2024-08-30,2024-09-02,2024-10-18,737.5274341160128,720.0,710.0,10.0,0.023765128326407203,4.18,False,0.0295561316305033,True,2024-09-05,take_profit,2.09,209.0,3,,
baseline,2024-10-29,2024-10-30,2024-12-20,995.8863705076849,980.0,970.0,10.0,0.0159519910886885,4.39,False,0.019246731001223427,True,2024-11-08,take_profit,2.19,219.5,9,,
baseline,2024-11-08,2024-11-11,2025-01-17,1111.753818838361,1090.0,1080.0,10.0,0.019567118610027245,4.3,True,-0.01681107274461502,True,2024-11-11,backup_stop,5.55,-124.77,0,,
baseline,2024-11-11,2024-11-12,2025-01-17,1071.6759307083696,1050.0,1040.0,10.0,0.0202261990656466,4.31,True,-0.0020529270775105912,True,2024-11-14,backup_stop,4.93,-61.7,2,,
baseline,2024-11-14,2024-11-15,2025-01-17,1047.844426568614,1030.0,1020.0,10.0,0.017029652605062062,4.33,True,-0.002218771730649771,True,2024-11-15,backup_stop,4.93,-59.73,0,,
baseline,2024-11-15,2024-11-18,2025-01-17,1027.7146651174307,1010.0,1000.0,10.0,0.017236948852341838,4.3,False,0.0732773657368726,True,2024-11-22,take_profit,2.15,215.0,4,,
baseline,2024-11-22,2024-11-25,2025-01-17,1190.4186268661267,1170.0,1160.0,10.0,0.017152475948633672,4.34,True,-0.012382161663085145,True,2024-11-28,backup_stop,5.47,-112.92,3,,
baseline,2024-11-28,2024-11-29,2025-01-17,1155.5128708541904,1130.0,1120.0,10.0,0.022079261510371984,4.22,True,-0.022912614867030556,True,2024-11-29,backup_stop,5.72,-150.17,0,,
baseline,2024-11-29,2024-12-02,2025-01-17,1104.1087452002555,1080.0,1070.0,10.0,0.021835480703382038,4.26,False,0.00415462860155813,True,2024-12-17,take_profit,2.13,213.0,15,,
baseline,2025-02-04,2025-02-05,2025-04-18,1322.5459571382746,1300.0,1290.0,10.0,0.01704739031304403,4.52,True,-0.014502910869565455,True,2025-02-13,backup_stop,5.51,-99.09,8,,
baseline,2025-02-13,2025-02-14,2025-04-18,1281.146215869565,1260.0,1250.0,10.0,0.016505700604370177,4.38,True,-0.02682498220212315,True,2025-02-14,backup_stop,5.78,-140.06,0,,
baseline,2025-02-14,2025-02-17,2025-04-18,1226.2005224253248,1200.0,1190.0,10.0,0.021367241284078298,4.32,True,-0.03267558040306562,True,2025-02-17,backup_stop,5.9,-158.26,0,,
baseline,2025-02-17,2025-02-18,2025-04-18,1160.7893035163213,1140.0,1130.0,10.0,0.017909627055784583,4.4,True,-0.023287107108936445,True,2025-02-21,backup_stop,5.71,-131.38,3,,
baseline,2025-02-21,2025-02-24,2025-04-18,1113.4526978958124,1090.0,1080.0,10.0,0.02106303926528086,4.3,False,0.031440666410318174,True,2025-03-14,take_profit,2.15,215.0,18,,
baseline,2025-05-06,2025-05-07,2025-07-18,1547.267994050899,1520.0,1500.0,20.0,0.01762331681114193,8.72,False,0.05801037117644414,True,2025-05-14,take_profit,4.36,436.0,7,,
baseline,2025-05-14,2025-05-15,2025-07-18,1739.2796024486086,1710.0,1690.0,20.0,0.016834327503978064,8.55,True,-0.010708051826735954,True,2025-06-04,backup_stop,10.47,-191.71,20,,
baseline,2025-08-05,2025-08-06,2025-10-17,2325.8120831400074,2290.0,2270.0,20.0,0.015397668366938122,8.95,True,-0.005272006382614491,True,2025-08-07,backup_stop,10.34,-138.95,1,,
baseline,2025-08-07,2025-08-08,2025-10-17,2277.927105383813,2240.0,2220.0,20.0,0.01664983277742882,8.95,True,-0.03690283789919302,True,2025-08-11,backup_stop,11.81,-286.0,3,,
baseline,2025-08-11,2025-08-12,2025-10-17,2157.3376431058077,2120.0,2100.0,20.0,0.017307278360032097,8.92,True,-0.023330456329710647,True,2025-08-13,backup_stop,11.31,-238.63,1,,
baseline,2025-08-13,2025-08-14,2025-10-17,2070.5394325810134,2040.0,2020.0,20.0,0.014749505418954922,8.95,True,-0.00713322042007869,True,2025-08-26,backup_stop,10.61,-165.58,12,,
baseline,2025-08-26,2025-08-27,2025-10-17,2025.4482303430395,1990.0,1970.0,20.0,0.017501425023850548,9.0,True,-0.022327314258388742,True,2025-09-11,backup_stop,11.39,-239.2,15,,
baseline,2025-11-04,2025-11-05,2026-01-16,2168.698857274791,2130.0,2110.0,20.0,0.017844274296072826,9.04,True,-0.03214665574638065,True,2025-11-19,backup_stop,11.72,-268.36,14,,
baseline,2025-11-19,2025-11-20,2026-01-16,2061.527623260209,2030.0,2010.0,20.0,0.01529333049166215,8.65,False,-0.015517954613333496,True,2025-12-05,take_profit,4.33,432.5,15,,
baseline,2026-02-03,2026-02-04,2026-04-17,1711.1600676750706,1680.0,1660.0,20.0,0.018209908157456822,8.86,False,0.07552681818639129,True,2026-02-13,take_profit,4.43,443.0,9,,
baseline,2026-02-13,2026-02-16,2026-04-17,2072.341828978215,2040.0,2020.0,20.0,0.015606416145236612,8.97,False,0.00852949329352315,True,2026-03-09,take_profit,4.49,448.5,21,,
baseline,2026-05-05,2026-05-06,2026-07-17,2136.4536384459634,2100.0,2080.0,20.0,0.01706268640235009,8.82,True,-0.02298665630311525,True,2026-05-06,backup_stop,11.27,-244.63,0,,
baseline,2026-05-06,2026-05-07,2026-07-17,2051.728021763458,2020.0,2000.0,20.0,0.015464048561459776,8.91,True,-0.032616954618390315,True,2026-05-07,backup_stop,11.62,-271.1,0,,
baseline,2026-05-07,2026-05-08,2026-07-17,1954.1137516708516,1920.0,1900.0,20.0,0.017457403204743205,8.87,True,-0.0047820082254586005,True,2026-05-12,backup_stop,10.1,-123.28,4,,
baseline,2026-05-12,2026-05-13,2026-07-17,1910.8185442071194,1880.0,1860.0,20.0,0.0161284514955905,8.83,False,0.0077273415222467445,True,2026-06-03,take_profit,4.42,441.5,21,,
baseline,2026-08-04,2026-08-05,2026-10-16,1781.7358596283627,1750.0,1730.0,20.0,0.01781176455357547,9.11,True,-0.007348013443280732,True,2026-08-05,backup_stop,10.62,-150.69,0,,
baseline,2026-08-05,2026-08-06,2026-10-16,1737.1409764742587,1710.0,1690.0,20.0,0.015623934293084618,9.16,True,-0.023899500808013507,True,2026-08-12,backup_stop,11.4,-223.58,6,,
baseline,2026-08-12,2026-08-13,2026-10-16,1669.1318536182969,1640.0,1620.0,20.0,0.017453296787276362,9.01,True,-0.005196921981070912,True,2026-08-27,backup_stop,10.01,-99.97,14,,
baseline,2026-08-27,2026-08-28,2026-10-16,1631.4770479510437,1600.0,1580.0,20.0,0.019293589199171013,8.45,True,-0.045255918534159,True,2026-08-28,backup_stop,12.28,-383.17,0,,
baseline,2026-08-28,2026-08-31,2026-10-16,1527.5905303453455,1500.0,1480.0,20.0,0.018061469875116365,8.58,True,-0.010460607778409403,True,2026-09-15,take_profit,4.29,429.0,15,,
